Date,BTC-USD,ETH-USD,BNB-USD,ADA-USD,SOL1-USD,XRP-USD,DOT1-USD,DOGE-USD,LINK-USD,LTC-USD,ALGO-USD,VET-USD,MATIC-USD
2020-10-22,12931.5390625,409.7666931152344,30.633960723876953,0.10808300226926804,1.960034966468811,0.2548789978027344,4.266849994659424,0.0026469998992979527,12.163795471191406,55.23868942260742,0.30869099497795105,0.012229000218212605,0.01703999936580658
2020-10-23,13108.0625,412.4576110839844,30.588821411132812,0.10807500034570694,1.9118280410766602,0.2564310133457184,4.355343818664551,0.0026459998916834593,12.731548309326172,59.09558868408203,0.30737701058387756,0.01228800043463707,0.0176829993724823
2020-10-24,13031.173828125,406.2177734375,30.107540130615234,0.10635100305080414,1.7874590158462524,0.25321298837661743,4.335230827331543,0.002652999944984913,12.160058975219727,58.674800872802734,0.3031879961490631,0.011784999631345272,0.01716499961912632
2020-10-26,13075.248046875,393.8883056640625,31.154560089111328,0.10309699922800064,1.6854660511016846,0.2486879974603653,4.727015972137451,0.002678999910131097,11.747901916503906,56.74577713012695,0.2914600074291229,0.01140700001269579,0.016561999917030334
2020-10-27,13654.21875,403.9970397949219,31.638721466064453,0.10282699763774872,1.7102320194244385,0.2528989911079407,4.6839518547058105,0.00267699989490211,11.973836898803711,57.8160514831543,0.28753599524497986,0.011377999559044838,0.015799999237060547
2020-10-28,13271.28515625,388.6507568359375,30.363506317138672,0.0989769995212555,1.4900530576705933,0.24586500227451324,4.3650970458984375,0.0025949999690055847,11.461742401123047,55.74251174926758,0.2773270010948181,0.010665000416338444,
2020-10-29,13437.8828125,386.7301025390625,29.842477798461914,0.09537599980831146,1.4289360046386719,0.24229499697685242,4.053345203399658,0.002581000095233321,11.265140533447266,54.76585388183594,0.2560870051383972,0.010185999795794487,
2020-10-30,13546.5224609375,382.8199768066406,28.508411407470703,0.0933689996600151,1.4413360357284546,0.23918400704860687,4.088112831115723,0.002597999991849065,11.098557472229004,53.83503341674805,0.25445300340652466,0.010081999935209751,
2020-10-31,13780.9951171875,386.59033203125,28.431215286254883,0.09305600076913834,1.5406999588012695,0.23974399268627167,4.18176794052124,0.0025760000571608543,11.22083854675293,55.59025955200195,0.24947099387645721,0.009886999614536762,
2020-11-01,13737.109375,396.3581848144531,28.461565017700195,0.09819699823856354,1.5998400449752808,0.23979699611663818,4.22561502456665,0.0025820001028478146,11.536629676818848,55.587623596191406,0.2572909891605377,0.010487000457942486,
2020-11-02,13550.4892578125,383.15673828125,27.883930206298828,0.0921429991722107,1.474071979522705,0.23542100191116333,4.030231952667236,0.002517000073567033,10.797578811645508,53.817481994628906,0.2461470067501068,0.010065999813377857,
2020-11-03,13950.30078125,387.6021728515625,26.8570499420166,0.09343399852514267,1.4122339487075806,0.23950999975204468,4.025467872619629,0.0025279999244958162,10.387001991271973,53.81962203979492,0.23287099599838257,0.009243999607861042,
2020-11-04,14133.70703125,402.1419982910156,26.931514739990234,0.09536900371313095,1.3922549486160278,0.2377929985523224,4.098083019256592,0.002532999962568283,10.472586631774902,54.49910354614258,0.23859800398349762,0.009397000074386597,
2020-11-05,15579.8486328125,414.0673522949219,27.675859451293945,0.09699399769306183,1.4052180051803589,0.2457759976387024,4.235195159912109,0.002616999903693795,10.990669250488281,58.678497314453125,0.24770699441432953,0.009732999838888645,
2020-11-06,15565.880859375,454.71929931640625,29.01799964904785,0.10910499840974808,1.9137400388717651,0.25844499468803406,4.579651832580566,0.0027600000612437725,12.118071556091309,63.13111114501953,0.27647098898887634,0.01119800005108118,
2020-11-07,14833.75390625,435.713134765625,27.738094329833984,0.10137899965047836,2.031964063644409,0.24958199262619019,4.241960048675537,0.0026710000820457935,11.757224082946777,59.143646240234375,0.25826600193977356,0.010386000387370586,
2020-11-08,15479.5673828125,453.5547790527344,28.305116653442383,0.10662099719047546,2.1565980911254883,0.2539390027523041,4.372093200683594,0.002710999920964241,12.656035423278809,61.05504608154297,0.2664940059185028,0.011126000434160233,
2020-11-09,15332.3154296875,444.1630554199219,28.018020629882812,0.10532499849796295,2.0286519527435303,0.25074800848960876,4.346766948699951,0.0026700000744313,12.520734786987305,59.36388397216797,0.26061999797821045,0.01104199979454279,
2020-11-10,15290.90234375,449.67962646484375,28.193342208862305,0.10580500215291977,2.2479870319366455,0.25391098856925964,4.415016174316406,0.002753000007942319,13.003462791442871,58.237342834472656,0.28678399324417114,0.011580999940633774,
2020-11-11,15701.33984375,462.9605407714844,27.956178665161133,0.10596500337123871,2.0021250247955322,0.2562589943408966,4.457201957702637,0.002768999896943569,12.807538032531738,59.51502990722656,0.27873799204826355,0.011386999860405922,
2020-11-12,16276.34375,461.0052795410156,27.61480712890625,0.10452499985694885,1.8991379737854004,0.25490298867225647,4.399240016937256,0.002778999973088503,12.423222541809082,60.365379333496094,0.265159010887146,0.010649999603629112,
2020-11-13,16317.80859375,474.6264343261719,28.182172775268555,0.10639099776744843,2.020792007446289,0.265190988779068,4.5401201248168945,0.0028210000600665808,12.887977600097656,65.45719909667969,0.2797450125217438,0.01182399969547987,
2020-11-14,16068.138671875,460.14984130859375,27.936201095581055,0.10420200228691101,1.9170160293579102,0.268341988325119,4.4656219482421875,0.0027729999274015427,12.576959609985352,63.77415084838867,0.2658270001411438,0.011245000176131725,
2020-11-15,15955.587890625,447.55908203125,27.621030807495117,0.10053099691867828,2.04323410987854,0.2696419954299927,4.379988193511963,0.0027749999426305294,12.12181282043457,62.27992248535156,0.2548860013484955,0.011036000214517117,
2020-11-16,16716.111328125,459.9403076171875,28.064109802246094,0.10400799661874771,2.255354881286621,0.2855199873447418,4.485499858856201,0.0028860000893473625,12.590789794921875,71.32624816894531,0.26969200372695923,0.01133699994534254,
2020-11-17,17645.40625,480.3600769042969,28.530580520629883,0.1096000000834465,2.202181100845337,0.30240800976753235,4.844666004180908,0.0029360000044107437,13.244711875915527,75.85234069824219,0.27402999997138977,0.01234699971973896,
2020-11-18,17804.005859375,479.48406982421875,28.076162338256836,0.10640300065279007,2.1150290966033936,0.29422199726104736,4.679663181304932,0.0029090000316500664,13.592995643615723,73.69493865966797,0.2674820125102997,0.011808999814093113,
2020-11-19,17817.08984375,471.63043212890625,28.094104766845703,0.10586600005626678,2.0767691135406494,0.30376601219177246,4.756765842437744,0.002911000046879053,13.621882438659668,81.68367004394531,0.2645609974861145,0.011501999571919441,
2020-11-20,18621.314453125,509.74456787109375,28.891996383666992,0.11822599917650223,2.0953919887542725,0.32806798815727234,5.233436107635498,0.002983999904245138,14.078272819519043,82.5831527709961,0.2844020128250122,0.01203600037842989,
2020-11-21,18642.232421875,549.4866333007812,30.39129066467285,0.1329450011253357,2.382205009460449,0.4583440124988556,5.7519211769104,0.0035069999285042286,15.355934143066406,86.41011810302734,0.3152939975261688,0.014356999658048153,
2020-11-22,18370.001953125,558.068115234375,29.925071716308594,0.14475999772548676,2.1448450088500977,0.44369998574256897,5.481853008270264,0.0033289999701082706,14.444801330566406,82.70420837402344,0.2970300018787384,0.013845999725162983,
2020-11-23,18364.12109375,608.4540405273438,30.965368270874023,0.15351000428199768,2.276376962661743,0.6139799952507019,5.9069318771362305,0.003648000070825219,15.270844459533691,89.03931427001953,0.33517301082611084,0.016030000522732735,
2020-11-24,19107.46484375,603.8977661132812,33.80315017700195,0.1663230061531067,2.2679669857025146,0.6921030282974243,5.729445934295654,0.0042039998807013035,15.620664596557617,89.20537567138672,0.3578920066356659,0.016133999451994896,
2020-11-25,18732.12109375,570.6866455078125,31.342960357666016,0.1551620066165924,2.270034074783325,0.6354830265045166,5.3098602294921875,0.0037269999738782644,14.260965347290039,81.880126953125,0.34371501207351685,0.01656400039792061,
2020-11-26,17150.623046875,518.8011474609375,28.20491600036621,0.13828100264072418,1.9030369520187378,0.5330190062522888,4.804576873779297,0.0032500000670552254,12.575363159179688,70.86572265625,0.3018229901790619,0.014545000158250332,
2020-11-27,17108.40234375,517.4937133789062,28.475187301635742,0.1410280019044876,1.8579490184783936,0.5592679977416992,4.782790184020996,0.003275000024586916,12.490259170532227,69.12387084960938,0.29997798800468445,0.014485999941825867,
2020-11-28,17717.4140625,538.2297973632812,29.143911361694336,0.16479100286960602,1.8889349699020386,0.6256219744682312,4.900475978851318,0.0034050000831484795,13.078346252441406,72.69296264648438,0.31311100721359253,0.015337999910116196,
2020-11-29,18177.484375,575.758056640625,30.117603302001953,0.16663900017738342,1.915155053138733,0.6062459945678711,5.190351963043213,0.003447999944910407,13.372918128967285,79.23506927490234,0.3175579905509949,0.015178999863564968,
2020-11-30,19625.8359375,614.842529296875,31.392786026000977,0.1713079959154129,1.9668910503387451,0.6643369793891907,5.376430034637451,0.0035510000307112932,14.225639343261719,87.57463073730469,0.32857099175453186,0.01597600057721138,
2020-12-01,18802.998046875,587.3241577148438,30.10830307006836,0.15598300099372864,1.976307988166809,0.6129230260848999,5.09356689453125,0.003335000015795231,13.389534950256348,85.4357681274414,0.30906200408935547,0.014756999909877777,
2020-12-02,19201.091796875,598.3523559570312,30.297361373901367,0.1585569977760315,2.115401029586792,0.6298930048942566,5.4641571044921875,0.0033740000799298286,13.98736572265625,88.85651397705078,0.3417010009288788,0.016395000740885735,
2020-12-03,19445.3984375,616.708740234375,30.704429626464844,0.16421200335025787,2.1003708839416504,0.6314830183982849,5.410368919372559,0.0034280000254511833,13.97472095489502,89.09896850585938,0.3407210111618042,0.017389999702572823,
2020-12-04,18699.765625,569.3541870117188,29.072208404541016,0.14824099838733673,1.8559529781341553,0.5572620034217834,5.032713890075684,0.00329799996688962,12.74124526977539,80.01707458496094,0.3269580006599426,0.01577400043606758,
2020-12-05,19154.23046875,596.595458984375,29.729488372802734,0.1596679985523224,1.9787739515304565,0.5844209790229797,5.188902854919434,0.0033970000222325325,13.1730375289917,83.11872863769531,0.34467801451683044,0.01749500073492527,
2020-12-06,19345.12109375,601.9089965820312,29.540803909301758,0.1588670015335083,1.8542490005493164,0.6198509931564331,5.135868072509766,0.003387999953702092,13.49239730834961,83.55533599853516,0.33714398741722107,0.01715799979865551,
2020-12-07,19191.630859375,591.8433837890625,29.378135681152344,0.1541299968957901,1.8311729431152344,0.6089339852333069,5.060319900512695,0.0033420000690966845,13.080948829650879,83.62406158447266,0.3311539888381958,0.018132999539375305,
2020-12-08,18321.14453125,554.8277587890625,27.636306762695312,0.1409280002117157,1.6653519868850708,0.5588359832763672,4.733346939086914,0.0031789999920874834,12.145713806152344,76.7486572265625,0.3009530007839203,0.016355000436306,
2020-12-09,18553.916015625,573.4791259765625,28.129304885864258,0.1481650024652481,1.6623040437698364,0.5835899710655212,4.861896991729736,0.0031580000650137663,12.633390426635742,77.41098022460938,0.30619001388549805,0.016806000843644142,
2020-12-10,18264.9921875,559.6785278320312,27.696189880371094,0.14199399948120117,1.5741510391235352,0.572953999042511,4.797595977783203,0.0031049998942762613,11.922199249267578,74.82955932617188,0.29434800148010254,0.01590999960899353,
2020-12-11,18058.904296875,545.79736328125,27.361003875732422,0.13944900035858154,1.4445849657058716,0.5464829802513123,4.621051788330078,0.0030789999291300774,11.66010570526123,72.08733367919922,0.28988999128341675,0.01560600008815527,
2020-12-12,18803.65625,568.5673217773438,28.164451599121094,0.14445999264717102,1.4909119606018066,0.506401002407074,4.740454196929932,0.003163000103086233,12.20915699005127,76.70689392089844,0.3098439872264862,0.01651100069284439,
2020-12-13,19142.3828125,589.6632080078125,29.10169219970703,0.15396399796009064,1.5654560327529907,0.51146399974823,4.891211986541748,0.0032560001127421856,12.933703422546387,82.00064086914062,0.3091430068016052,0.016460999846458435,
2020-12-14,19246.64453125,586.0111694335938,30.029577255249023,0.15799200534820557,1.5916459560394287,0.49771198630332947,4.8980817794799805,0.0032309999223798513,12.827552795410156,82.3631591796875,0.3127549886703491,0.016359999775886536,
2020-12-15,19417.076171875,589.3555908203125,29.547283172607422,0.15430499613285065,1.7606710195541382,0.46970999240875244,5.249607086181641,0.0032059999648481607,12.70547103881836,81.40067291259766,0.3254759907722473,0.01651499979197979,
2020-12-16,21310.59765625,636.1818237304688,30.49019432067871,0.1675889939069748,1.7835979461669922,0.5686280131340027,5.35931396484375,0.003415999934077263,13.45108699798584,92.78968811035156,0.33995500206947327,0.017254000529646873,
2020-12-17,22805.162109375,642.8689575195312,30.184133529663086,0.16348299384117126,1.6786340475082397,0.5766770243644714,5.343967914581299,0.0037299999967217445,13.467132568359375,100.9595718383789,0.3321259915828705,0.01706100068986416,
2020-12-18,23137.9609375,654.8119506835938,30.9383602142334,0.16498799622058868,1.698799967765808,0.5842800140380859,5.367640972137451,0.0038580000400543213,13.51119327545166,109.38450622558594,0.353863000869751,0.017444999888539314,
2020-12-19,23869.83203125,659.2979125976562,33.296356201171875,0.1647139936685562,1.6686509847640991,0.5791630148887634,5.338944911956787,0.003926999866962433,13.492186546325684,120.55890655517578,0.3566269874572754,0.01737399958074093,
2020-12-20,23477.294921875,638.2908325195312,34.16029739379883,0.1619880050420761,1.5635759830474854,0.5560579895973206,5.188476085662842,0.004625000059604645,13.070074081420898,114.6659927368164,0.3390049934387207,0.016307000070810318,
2020-12-21,22803.08203125,609.81787109375,32.269527435302734,0.15265600383281708,1.5419150590896606,0.5169439911842346,4.890545845031738,0.004786999896168709,12.341995239257812,105.0053939819336,0.327331006526947,0.015569999814033508,
2020-12-22,23783.029296875,634.8541870117188,33.482948303222656,0.15617899596691132,1.4902859926223755,0.4484480023384094,5.154829978942871,0.0045079998672008514,12.793932914733887,113.68036651611328,0.336887001991272,0.015873000025749207,
2020-12-23,23241.345703125,583.714599609375,31.097898483276367,0.13639399409294128,1.2056920528411865,0.25860199332237244,4.710612773895264,0.003768000053241849,10.83131217956543,101.81706237792969,0.28888601064682007,0.013168999925255775,
2020-12-24,23735.94921875,611.607177734375,32.50059127807617,0.15288299322128296,1.3624080419540405,0.33781901001930237,5.128820896148682,0.004569999873638153,11.575453758239746,111.56539916992188,0.3139060139656067,0.014879000373184681,
2020-12-25,24664.791015625,626.4107055664062,33.164974212646484,0.15756399929523468,1.445402979850769,0.3180910050868988,5.214210033416748,0.0045819999650120735,11.546685218811035,126.98359680175781,0.3097440004348755,0.014581999741494656,
2020-12-26,26437.037109375,635.8358154296875,33.47713851928711,0.15782399475574493,1.3242379426956177,0.29471299052238464,5.182180881500244,0.004494000226259232,10.964874267578125,129.45919799804688,0.30932000279426575,0.016434000805020332,
2020-12-27,26272.294921875,682.642333984375,33.51184844970703,0.15442200005054474,1.3030420541763306,0.28303900361061096,5.136190891265869,0.004548000171780586,12.129708290100098,127.5169677734375,0.3191229999065399,0.016498999670147896,
2020-12-28,27084.80859375,730.3973388671875,35.84455871582031,0.17673499882221222,1.515684962272644,0.2479580044746399,6.588821887969971,0.004592000041157007,12.62838077545166,130.0503387451172,0.35623899102211,0.020173000171780586,
2020-12-29,27362.4375,731.5201416015625,38.95283126831055,0.19216400384902954,1.6743450164794922,0.22096200287342072,7.519257068634033,0.004486000165343285,11.771124839782715,129.04080200195312,0.3459179997444153,0.02102999947965145,
2020-12-30,28840.953125,751.6189575195312,38.13629913330078,0.18403999507427216,1.5354570150375366,0.21182799339294434,7.254300117492676,0.004635999910533428,11.253575325012207,129.46607971191406,0.3355430066585541,0.020253000780940056,
2020-12-31,29001.720703125,737.8034057617188,37.376033782958984,0.18139700591564178,1.5108979940414429,0.2198459953069687,9.292508125305176,0.004681999795138836,11.270538330078125,124.69032287597656,0.33403998613357544,0.018776999786496162,
2021-01-01,29374.15234375,730.3675537109375,37.90501022338867,0.17534999549388885,1.8420840501785278,0.23744399845600128,8.306818962097168,0.005685000214725733,11.872554779052734,126.2303466796875,0.3981289863586426,0.01907999999821186,
2021-01-02,32127.267578125,774.5349731445312,38.24159240722656,0.17742300033569336,1.7992750406265259,0.2216549962759018,9.208836555480957,0.010614999569952488,12.220136642456055,136.94488525390625,0.4080910086631775,0.019984999671578407,
2021-01-03,32782.0234375,975.5076904296875,41.14897918701172,0.20499500632286072,2.1617519855499268,0.2258480042219162,10.033283233642578,0.009770999662578106,13.650172233581543,160.19058227539062,0.4227670133113861,0.02592100016772747,
2021-01-04,31971.9140625,1040.2330322265625,40.926353454589844,0.2247619926929474,2.4850969314575195,0.23667700588703156,9.469611167907715,0.009766999632120132,13.571063041687012,154.8073272705078,0.4386659860610962,0.024664999917149544,
2021-01-05,33992.4296875,1100.006103515625,41.73460006713867,0.25831401348114014,2.157217025756836,0.22675000131130219,9.701656341552734,0.009920000098645687,14.539868354797363,158.5947723388672,0.4794290065765381,0.02790899947285652,
2021-01-06,36824.36328125,1207.1121826171875,42.16595458984375,0.3318980038166046,1.929216980934143,0.2508949935436249,10.096068382263184,0.010464999824762344,17.155256271362305,169.0169219970703,0.5113149881362915,0.03079400025308132,
2021-01-07,39371.04296875,1225.6781005859375,43.44948959350586,0.2999800145626068,2.3727450370788574,0.32600200176239014,9.644584655761719,0.00974200014024973,16.031967163085938,169.61595153808594,0.4628230035305023,0.028704000636935234,
2021-01-08,40797.609375,1224.1971435546875,42.39531707763672,0.3055970072746277,3.2198870182037354,0.32322999835014343,9.307134628295898,0.009846000000834465,15.288084983825684,173.27987670898438,0.45476898550987244,0.027420999482274055,
2021-01-09,40254.546875,1281.0772705078125,43.93285369873047,0.33297300338745117,3.3853819370269775,0.32691600918769836,9.777765274047852,0.010193999856710434,17.607513427734375,177.4839324951172,0.48624199628829956,0.02894899994134903,
2021-01-10,38356.44140625,1262.2467041015625,42.4484748840332,0.3048950135707855,3.466110944747925,0.31833600997924805,9.305047988891602,0.009859999641776085,16.2474308013916,171.11483764648438,0.4620310068130493,0.027187999337911606,
2021-01-11,35566.65625,1090.1453857421875,38.371360778808594,0.2754659950733185,3.1080899238586426,0.28890499472618103,8.276439666748047,0.008834999985992908,14.556933403015137,139.25222778320312,0.41698700189590454,0.024315999820828438,
2021-01-12,33922.9609375,1043.4345703125,38.111610412597656,0.2870030105113983,3.6133980751037598,0.2921229898929596,8.264147758483887,0.008062999695539474,13.915848731994629,132.6359100341797,0.3976899981498718,0.02275099977850914,
2021-01-13,37316.359375,1130.7393798828125,40.13593292236328,0.3136090040206909,3.513782024383545,0.3055799901485443,10.957710266113281,0.008616000413894653,15.93009090423584,147.4213409423828,0.45074599981307983,0.02610900066792965,
2021-01-14,39187.328125,1218.4530029296875,41.79368209838867,0.3103959858417511,3.2781639099121094,0.2954379916191101,14.539050102233887,0.009397000074386597,17.826250076293945,152.08457946777344,0.45364800095558167,0.02565300092101097,
2021-01-15,36825.3671875,1171.8345947265625,40.91897964477539,0.3025299906730652,3.2501609325408936,0.28040599822998047,13.212381362915039,0.009368999861180782,20.709726333618164,144.237548828125,0.48837000131607056,0.025311000645160675,
2021-01-16,36178.140625,1233.53759765625,43.17182540893555,0.35244399309158325,3.4470551013946533,0.2801879942417145,18.180423736572266,0.009265000000596046,20.21839714050293,144.2654266357422,0.5188919901847839,0.02696100063621998,
2021-01-17,35791.27734375,1230.1722412109375,45.68461227416992,0.3798519968986511,3.81813907623291,0.2773840129375458,16.984254837036133,0.009066999889910221,23.166772842407227,142.43081665039062,0.5840569734573364,0.02711700089275837,
2021-01-18,36630.07421875,1257.279541015625,45.353172302246094,0.3714280128479004,3.7955150604248047,0.2847689986228943,16.51292610168457,0.009170999750494957,22.03626251220703,152.1440887451172,0.566100001335144,0.030634000897407532,
2021-01-19,36069.8046875,1377.2958984375,42.7855339050293,0.3691369891166687,3.6418659687042236,0.2943139970302582,16.468509674072266,0.009097999893128872,20.754093170166016,153.4874267578125,0.5234860181808472,0.029191000387072563,
2021-01-20,35547.75,1382.2740478515625,42.60689926147461,0.37539398670196533,3.7235779762268066,0.2965179979801178,17.948930740356445,0.009060000069439411,21.846776962280273,149.93142700195312,0.5460249781608582,0.03467800095677376,
2021-01-21,30825.69921875,1121.5709228515625,38.64583969116211,0.3102090060710907,2.9905359745025635,0.26894599199295044,15.94483757019043,0.008166000247001648,18.424272537231445,130.1334991455078,0.46153900027275085,0.02798300050199032,
2021-01-22,33005.76171875,1236.51220703125,40.85757064819336,0.34957700967788696,3.346229076385498,0.27279898524284363,17.161441802978516,0.008523999713361263,21.629497528076172,137.27145385742188,0.511023998260498,0.03141399845480919,
2021-01-23,32067.642578125,1230.9906005859375,40.81547927856445,0.345643013715744,3.5041120052337646,0.271820992231369,18.59819984436035,0.008578999899327755,24.761531829833984,137.75099182128906,0.5570570230484009,0.030040999874472618,
2021-01-24,32289.37890625,1391.609375,41.88160705566406,0.35388100147247314,3.634411096572876,0.2735089957714081,17.999649047851562,0.008727000094950199,24.701858520507812,141.47731018066406,0.5634490251541138,0.03063100017607212,
2021-01-25,32366.392578125,1324.414794921875,41.62370300292969,0.34388598799705505,3.6999809741973877,0.269089013338089,17.250455856323242,0.008383000269532204,23.54012107849121,137.44419860839844,0.5582470297813416,0.029865000396966934,
2021-01-26,32569.849609375,1357.05810546875,41.69473648071289,0.34423398971557617,4.04734992980957,0.26882699131965637,17.117761611938477,0.008255000226199627,23.025863647460938,134.75526428222656,0.6016219854354858,0.029444999992847443,
2021-01-27,30432.546875,1253.1871337890625,40.994876861572266,0.3130800127983093,3.690587043762207,0.2519429922103882,15.504860877990723,0.007482000160962343,21.07044792175293,122.94947052001953,0.5431529879570007,0.026467999443411827,
2021-01-28,31649.60546875,1298.101806640625,42.553070068359375,0.3333030045032501,3.8364739418029785,0.2572779953479767,16.8591365814209,0.012555000372231007,23.664226531982422,130.5916748046875,0.5564280152320862,0.028440000489354134,
2021-01-29,34316.38671875,1382.5228271484375,42.85234832763672,0.348131000995636,3.8346760272979736,0.2821879982948303,16.841611862182617,0.047162000089883804,22.7734432220459,135.0125732421875,0.6409500241279602,0.02790600061416626,
2021-01-30,34269.5234375,1376.115478515625,44.77227783203125,0.362619012594223,4.224276065826416,0.44024398922920227,16.506908416748047,0.028176000341773033,23.59402847290039,133.4000244140625,0.6637920141220093,0.02688100002706051,
2021-01-31,33114.359375,1314.9862060546875,44.27599334716797,0.344897985458374,4.264143943786621,0.49231401085853577,16.121315002441406,0.037195999175310135,22.598434448242188,129.57081604003906,0.6512479782104492,0.02542399987578392,
2021-02-01,33537.17578125,1369.04052734375,51.607696533203125,0.4020330011844635,4.611601829528809,0.37150898575782776,16.375776290893555,0.03487500175833702,22.839641571044922,131.95193481445312,0.643447995185852,0.029354000464081764,
2021-02-02,35510.2890625,1515.1937255859375,51.05640411376953,0.4262470006942749,5.267508029937744,0.369269996881485,17.263256072998047,0.03152000159025192,23.713613510131836,142.50697326660156,0.6526560187339783,0.028113000094890594,
2021-02-03,37472.08984375,1660.9095458984375,52.242637634277344,0.4413999915122986,5.71599006652832,0.3934899866580963,20.733652114868164,0.03711999952793121,25.073034286499023,155.61203002929688,0.7408339977264404,0.029191000387072563,
2021-02-04,36926.06640625,1594.7626953125,55.92512512207031,0.44105100631713867,6.426064968109131,0.44644901156425476,19.70218276977539,0.05328899994492531,24.49896240234375,145.148193359375,0.707506000995636,0.02769000083208084,
2021-02-05,38144.30859375,1718.65087890625,67.84556579589844,0.5378739833831787,6.681719779968262,0.45004698634147644,20.90267562866211,0.04693499952554703,26.363325119018555,154.8522186279297,0.8341159820556641,0.03209200128912926,
2021-02-06,39266.01171875,1677.8468017578125,72.73359680175781,0.6278859972953796,6.110806941986084,0.43909600377082825,20.395479202270508,0.05759499967098236,25.04932975769043,155.71473693847656,0.8108649849891663,0.029923999682068825,
2021-02-07,38903.44140625,1614.227783203125,68.59052276611328,0.663237988948822,6.700462818145752,0.41795799136161804,19.793615341186523,0.07878199964761734,24.79012107849121,151.14007568359375,0.8450400233268738,0.028940999880433083,
2021-02-08,46196.46484375,1746.6168212890625,79.83154296875,0.6825109720230103,7.8832502365112305,0.44770199060440063,23.031898498535156,0.07882499694824219,25.45610237121582,167.21905517578125,1.0106070041656494,0.03139699995517731,
2021-02-09,46481.10546875,1768.0350341796875,107.89927673339844,0.7035160064697266,7.816792964935303,0.47199100255966187,23.12996482849121,0.07006999850273132,27.594215393066406,182.11447143554688,1.0290169715881348,0.035339001566171646,
2021-02-10,44918.18359375,1744.243408203125,129.73715209960938,0.9303179979324341,9.072214126586914,0.503445029258728,23.585050582885742,0.07289600372314453,26.859596252441406,182.1743927001953,1.0320899486541748,0.03583500161767006,
2021-02-11,47909.33203125,1783.7979736328125,124.43425750732422,0.9277409911155701,9.215352058410645,0.5247870087623596,25.230295181274414,0.0696759968996048,27.874238967895508,184.49600219726562,1.2497169971466064,0.04271800071001053,
2021-02-12,47504.8515625,1843.5325927734375,136.94839477539062,0.925586998462677,9.2470121383667,0.6085919737815857,28.69125747680664,0.07006900012493134,30.64073944091797,197.23170471191406,1.7124240398406982,0.05469899997115135,
2021-02-13,47105.515625,1814.10986328125,133.4526824951172,0.905718982219696,8.732455253601074,0.6289960145950317,28.016725540161133,0.06644999980926514,34.10197830200195,226.22760009765625,1.6696950197219849,0.0547030009329319,
2021-02-14,48717.2890625,1805.0841064453125,136.426513671875,0.8484190106391907,8.738896369934082,0.5941929817199707,27.095735549926758,0.06253699958324432,33.290321350097656,214.43026733398438,1.4720920324325562,0.05266899988055229,
2021-02-15,47945.05859375,1779.791015625,129.56788635253906,0.8610119819641113,8.861739158630371,0.5489150285720825,27.780893325805664,0.05659100040793419,32.575897216796875,207.68101501464844,1.350877046585083,0.050898000597953796,
2021-02-16,49199.87109375,1781.0675048828125,130.05665588378906,0.8709509968757629,8.297866821289062,0.5208460092544556,30.159910202026367,0.05352000147104263,31.973480224609375,210.54656982421875,1.3135279417037964,0.049417998641729355,
2021-02-17,52149.0078125,1848.458251953125,164.67010498046875,0.8909199833869934,8.222577095031738,0.5355370044708252,31.986658096313477,0.049375999718904495,32.256797790527344,236.97352600097656,1.3692610263824463,0.05138799920678139,
2021-02-18,51679.796875,1937.44921875,195.93263244628906,0.9141190052032471,8.980451583862305,0.5324329733848572,31.180639266967773,0.0595409981906414,32.44149398803711,226.8695526123047,1.400668978691101,0.05459100008010864,
2021-02-19,55888.1328125,1960.164794921875,332.61602783203125,0.9276490211486816,11.465653419494629,0.567018985748291,34.79221725463867,0.055139001458883286,34.7152099609375,236.67601013183594,1.374461054801941,0.053617000579833984,
2021-02-20,56099.51953125,1919.5340576171875,255.9537353515625,1.1229579448699951,10.002663612365723,0.5175120234489441,39.2421760559082,0.05438400059938431,34.10981750488281,227.61988830566406,1.3139970302581787,0.053679000586271286,
2021-02-21,57539.9453125,1935.60107421875,293.923583984375,1.1005200147628784,11.0855131149292,0.5485600233078003,39.69622802734375,0.055980000644922256,34.152740478515625,227.23135375976562,1.3081640005111694,0.05483600124716759,
2021-02-22,54207.3203125,1781.992919921875,267.5097961425781,1.0991510152816772,14.454785346984863,0.571740984916687,37.68947982788086,0.053725000470876694,31.530805587768555,208.10679626464844,1.1444499492645264,0.05022599920630455,
2021-02-23,48824.42578125,1570.2039794921875,230.99424743652344,0.954708993434906,15.2015380859375,0.47356298565864563,34.30077362060547,0.04739199951291084,25.800342559814453,176.93492126464844,0.9997979998588562,0.041850000619888306,
2021-02-24,49705.33203125,1626.57568359375,254.359130859375,1.05165696144104,17.30270767211914,0.4718320071697235,33.633544921875,0.05655499920248985,28.086719512939453,181.3784942626953,1.0617610216140747,0.042858999222517014,
2021-02-25,47093.8515625,1475.7037353515625,233.88595581054688,1.0791159868240356,13.816014289855957,0.4345239996910095,31.080659866333008,0.05016700178384781,24.668046951293945,178.90184020996094,0.9760090112686157,0.03926600143313408,
2021-02-26,46339.76171875,1446.03369140625,221.68043518066406,1.2411049604415894,13.58794116973877,0.4278999865055084,31.34609031677246,0.05048000067472458,25.187313079833984,170.3981475830078,0.9712859988212585,0.03951499983668327,
2021-02-27,46188.453125,1459.97314453125,225.2494354248047,1.3248599767684937,13.201168060302734,0.4378089904785156,33.44936752319336,0.05008300021290779,26.235097885131836,172.10044860839844,1.098628044128418,0.04092799872159958,
2021-02-28,45137.76953125,1416.0489501953125,209.57440185546875,1.3080589771270752,13.08924674987793,0.41495299339294434,33.60725784301758,0.04805200174450874,24.663532257080078,164.9271697998047,1.0172239542007446,0.03965499997138977,
2021-03-01,49631.2421875,1564.7076416015625,254.6299285888672,1.2923879623413086,14.955588340759277,0.44724398851394653,35.58492660522461,0.050599001348018646,27.6070613861084,175.23789978027344,1.0884579420089722,0.04566799849271774,
2021-03-02,48378.98828125,1492.6087646484375,239.5225372314453,1.2255820035934448,13.958921432495117,0.43683698773384094,36.15311813354492,0.050262000411748886,28.51118278503418,177.8724365234375,1.0806909799575806,0.04381300136446953,
2021-03-03,50538.2421875,1575.8531494140625,241.09136962890625,1.2165930271148682,14.115591049194336,0.45027899742126465,37.04331970214844,0.050592001527547836,29.990028381347656,188.52566528320312,1.182144045829773,0.053245000541210175,
2021-03-04,48561.16796875,1541.914306640625,229.945068359375,1.1148680448532104,13.097983360290527,0.4866049885749817,35.3303108215332,0.05004800111055374,27.718738555908203,181.07864379882812,1.093430995941162,0.05034400150179863,
2021-03-05,48927.3046875,1533.2750244140625,226.37255859375,1.1685229539871216,12.610443115234375,0.4581190049648285,33.72447204589844,0.049609001725912094,27.87541389465332,180.76560974121094,1.058035969734192,0.0521400012075901,
2021-03-06,48912.3828125,1654.7415771484375,226.66685485839844,1.131011962890625,13.036458015441895,0.4651060104370117,33.433692932128906,0.05098399892449379,28.165103912353516,182.98190307617188,1.0540339946746826,0.05312800034880638,
2021-03-07,51206.69140625,1723.15380859375,240.17921447753906,1.1333669424057007,13.877732276916504,0.46686699986457825,35.18865966796875,0.052122000604867935,28.5482120513916,190.7591094970703,1.1036490201950073,0.05691999942064285,
2021-03-08,52246.5234375,1834.7279052734375,240.31866455078125,1.1180529594421387,13.602188110351562,0.47359699010849,34.913753509521484,0.061948999762535095,31.69816017150879,191.9276885986328,1.1529079675674438,0.06540100276470184,
2021-03-09,54824.1171875,1868.048828125,293.4632263183594,1.195160984992981,14.84631061553955,0.48598799109458923,38.194190979003906,0.05799800157546997,31.499252319335938,203.6378631591797,1.1806180477142334,0.06462500244379044,
2021-03-10,56008.55078125,1799.166259765625,279.3580322265625,1.1350029706954956,14.231083869934082,0.4631659984588623,37.56694412231445,0.05600399896502495,29.94671630859375,200.51686096191406,1.1099950075149536,0.06142500042915344,
2021-03-11,57805.12109375,1826.1949462890625,289.7908020019531,1.1247899532318115,15.992279052734375,0.4529600143432617,36.88249588012695,0.055918000638484955,30.07517433166504,201.25033569335938,1.0828969478607178,0.0672760009765625,
2021-03-12,57332.08984375,1772.1024169921875,263.6858215332031,1.0391440391540527,14.552142143249512,0.44113099575042725,35.98695373535156,0.05534899979829788,28.461523056030273,220.82940673828125,1.0521049499511719,0.06589800119400024,
2021-03-13,61243.0859375,1924.6854248046875,276.1047058105469,1.1033140420913696,15.308802604675293,0.45992401242256165,37.15781021118164,0.062431998550891876,29.779226303100586,226.5782928466797,1.1396410465240479,0.06759300082921982,
2021-03-14,59302.31640625,1854.5643310546875,264.6367492675781,1.0591540336608887,14.50826644897461,0.442111998796463,36.57925033569336,0.05859199911355972,28.789424896240234,215.2960968017578,1.1303900480270386,0.06663300096988678,
2021-03-15,55907.19921875,1791.7022705078125,254.66082763671875,1.033539056777954,14.186661720275879,0.4375549852848053,34.35751724243164,0.05708799883723259,27.491762161254883,201.26461791992188,1.196815013885498,0.07876099646091461,
2021-03-16,56804.90234375,1806.9718017578125,258.1006774902344,1.2429529428482056,13.622773170471191,0.4625999927520752,35.43083190917969,0.05860700085759163,27.91741943359375,201.04063415527344,1.2005640268325806,0.0743819996714592,
2021-03-17,58870.89453125,1823.4493408203125,269.8548583984375,1.3786729574203491,14.220203399658203,0.4724169969558716,36.14136505126953,0.057652998715639114,31.0097599029541,206.06793212890625,1.2950409650802612,0.0766339972615242,
2021-03-18,57858.921875,1782.8551025390625,261.7048034667969,1.2390060424804688,14.230025291442871,0.4729189872741699,35.5172233581543,0.05738300085067749,29.504812240600586,200.5373077392578,1.262334942817688,0.07776699960231781,
2021-03-19,58346.65234375,1817.6241455078125,264.05743408203125,1.3021700382232666,14.204795837402344,0.47117099165916443,38.27268981933594,0.05832799896597862,29.909875869750977,201.063720703125,1.253208041191101,0.08134499937295914,
2021-03-20,58313.64453125,1812.6346435546875,264.7416687011719,1.2065409421920776,14.211980819702148,0.5269910097122192,37.35047912597656,0.05896100029349327,29.676925659179688,200.80642700195312,1.2068300247192383,0.08936800062656403,
2021-03-21,57523.421875,1788.217041015625,264.88616943359375,1.18913996219635,14.332205772399902,0.5198349952697754,36.793609619140625,0.05723400041460991,29.272838592529297,196.42774963378906,1.1817710399627686,0.0940990000963211,
2021-03-22,54529.14453125,1691.333984375,255.9001922607422,1.1098740100860596,14.919293403625488,0.5499420166015625,35.53754425048828,0.054962001740932465,27.398113250732422,187.0778350830078,1.1085400581359863,0.08889500051736832,
2021-03-23,54738.9453125,1678.650146484375,255.68966674804688,1.1215519905090332,14.20483112335205,0.5565950274467468,34.46046447753906,0.05355599895119667,26.915058135986328,187.3939666748047,1.113124966621399,0.08345399796962738,
2021-03-24,52774.265625,1593.4134521484375,249.85137939453125,1.0750019550323486,13.661297798156738,0.48883700370788574,30.43643569946289,0.051702000200748444,25.053884506225586,177.6549530029297,1.0334609746932983,0.08535400032997131,
2021-03-25,51704.16015625,1595.3592529296875,234.88543701171875,1.1015739440917969,13.02508544921875,0.5174980163574219,29.982208251953125,0.051447998732328415,25.696287155151367,173.06118774414062,1.045246958732605,0.08140300214290619,
2021-03-26,55137.3125,1702.842041015625,255.1045684814453,1.2139689922332764,14.779420852661133,0.5670549869537354,33.20038604736328,0.05395200103521347,27.401567459106445,184.27867126464844,1.1178079843521118,0.08998599648475647,
2021-03-27,55973.51171875,1716.49462890625,269.1023254394531,1.1765769720077515,16.50832176208496,0.5504429936408997,32.661048889160156,0.0543770007789135,26.87954330444336,184.8304443359375,1.1595929861068726,0.08910799771547318,
2021-03-28,55950.74609375,1691.35595703125,269.1912841796875,1.1911239624023438,18.016233444213867,0.5507559776306152,32.29789352416992,0.05369799956679344,26.69699478149414,185.0284881591797,1.2367429733276367,0.09120900183916092,
2021-03-28,57750.19921875,1819.6849365234375,275.2146301269531,1.2025409936904907,18.854808807373047,0.5678709745407104,34.37360382080078,0.054051999002695084,28.052568435668945,194.4747772216797,1.4010679721832275,0.09208899736404419,
2021-03-29,58917.69140625,1846.03369140625,311.4264831542969,1.2133170366287231,19.233924865722656,0.5668590068817139,34.06686019897461,0.05389999970793724,27.904048919677734,196.68209838867188,1.3260949850082397,0.08968500047922134,
2021-03-30,58918.83203125,1918.362060546875,302.0634460449219,1.1932640075683594,19.465229034423828,0.573868989944458,37.02701187133789,0.05365699902176857,29.351137161254883,197.4990997314453,1.369683027267456,0.08805699646472931,
2021-03-31,59095.80859375,1977.27685546875,335.212890625,1.189244031906128,19.084901809692383,0.5792919993400574,37.67287826538086,0.06198599934577942,30.233219146728516,204.11251831054688,1.3261090517044067,0.08904000371694565,0.36422199010849
2021-04-01,59384.3125,2143.2255859375,339.0077209472656,1.1965090036392212,19.810222625732422,0.6165689826011658,41.164283752441406,0.05766399949789047,32.53324890136719,213.2283935546875,1.3612699508666992,0.09504000097513199,0.3840020000934601
2021-04-02,57603.890625,2028.4224853515625,323.1335144042969,1.1732770204544067,22.552276611328125,0.5909150242805481,41.64603042602539,0.05580399930477142,29.534889221191406,197.14820861816406,1.2695469856262207,0.0888189971446991,0.3540309965610504
2021-04-03,58758.5546875,2093.122802734375,351.6243896484375,1.1914199590682983,24.061323165893555,0.6467289924621582,44.6522102355957,0.05740400031208992,30.9572811126709,204.04290771484375,1.3149319887161255,0.09408699721097946,0.3626370131969452
2021-04-04,59057.87890625,2107.88720703125,367.7724914550781,1.2143000364303589,22.984283447265625,0.9204729795455933,45.7972297668457,0.059696000069379807,32.39665603637695,221.0690460205078,1.4050110578536987,0.10255999863147736,0.37003299593925476
2021-04-05,58192.359375,2118.37890625,403.59075927734375,1.2553540468215942,24.95714569091797,1.0962660312652588,43.430198669433594,0.06445799767971039,34.79787826538086,237.66490173339844,1.4008500576019287,0.11270000040531158,0.374565988779068
2021-04-06,56048.9375,1971.0772705078125,374.6588134765625,1.1751489639282227,26.47808074951172,0.917576014995575,39.59401321411133,0.05902799963951111,31.17518424987793,219.42367553710938,1.3038699626922607,0.1057099997997284,0.33720800280570984
2021-04-07,58323.953125,2088.57373046875,418.03839111328125,1.2194360494613647,27.033987045288086,1.0527559518814087,41.36595153808594,0.06146400049328804,32.74489974975586,227.00302124023438,1.3491289615631104,0.11724899709224701,0.3563059866428375
2021-04-08,58245.00390625,2072.10888671875,453.178466796875,1.2035399675369263,27.778274536132812,1.0208369493484497,40.849308013916016,0.06168400123715401,31.63246726989746,221.86236572265625,1.3942450284957886,0.12656299769878387,0.36760300397872925
2021-04-09,59793.234375,2135.942138671875,472.5603332519531,1.2187579870224,26.84140396118164,1.3744159936904907,41.62615203857422,0.06384500116109848,31.899261474609375,255.6201934814453,1.3934069871902466,0.14262600243091583,0.35847100615501404
2021-04-10,60204.96484375,2157.656982421875,525.3855590820312,1.2667349576950073,27.9318904876709,1.3605300188064575,41.423397064208984,0.07464899867773056,33.91918182373047,253.63446044921875,1.5204880237579346,0.13974200189113617,0.37053200602531433
2021-04-11,59893.453125,2139.353271484375,598.72265625,1.3161269426345825,28.512123107910156,1.4677350521087646,40.49749755859375,0.07076700031757355,33.10542678833008,244.49436950683594,1.4823789596557617,0.12892299890518188,0.35804399847984314
2021-04-12,63503.45703125,2299.187744140625,549.5865478515625,1.4117859601974487,27.4355525970459,1.7940009832382202,42.94791030883789,0.09344500303268433,35.456634521484375,266.9814758300781,1.5152360200881958,0.15296199917793274,0.42207399010658264
2021-04-13,63109.6953125,2435.10498046875,549.5918579101562,1.4554200172424316,26.47511100769043,1.8392360210418701,42.64084243774414,0.12151700258255005,41.423709869384766,279.7484130859375,1.4661200046539307,0.16874299943447113,0.41468000411987305
2021-04-14,63314.01171875,2519.1162109375,542.632080078125,1.4815880060195923,27.818313598632812,1.7660670280456543,43.515968322753906,0.18220700323581696,42.7531623840332,286.5906066894531,1.5743780136108398,0.17657099664211273,0.4427329897880554
2021-04-15,61572.7890625,2431.946533203125,510.2201843261719,1.4169490337371826,25.39736557006836,1.55752694606781,41.5379753112793,0.36586999893188477,42.10155487060547,310.61273193359375,1.5098190307617188,0.23808899521827698,0.43644699454307556
2021-04-16,60683.8203125,2344.89501953125,520.416748046875,1.3848689794540405,25.09987449645996,1.5600550174713135,42.53594970703125,0.28417301177978516,40.372066497802734,304.7599182128906,1.6978540420532227,0.22758500277996063,0.40625301003456116
2021-04-17,56216.18359375,2237.136962890625,481.03424072265625,1.275501012802124,32.30291748046875,1.4059979915618896,37.34743118286133,0.3204750120639801,39.06591033935547,273.09881591796875,1.4540380239486694,0.25463199615478516,0.3629010021686554
2021-04-18,55724.265625,2166.188720703125,505.0929260253906,1.1979589462280273,31.67589569091797,1.3150440454483032,34.81666946411133,0.40731799602508545,35.8793830871582,261.9192199707031,1.2934010028839111,0.22933900356292725,0.3271999955177307
2021-04-19,56473.03125,2330.2109375,587.0291137695312,1.2659339904785156,31.77005386352539,1.3832989931106567,35.444435119628906,0.31949999928474426,38.95063400268555,260.94134521484375,1.291139006614685,0.2519969940185547,0.34152400493621826
2021-04-20,53906.08984375,2364.751708984375,546.0235595703125,1.2067350149154663,32.51304244995117,1.2964979410171509,33.871028900146484,0.3069249987602234,36.43635940551758,258.80560302734375,1.2128080129623413,0.2272309958934784,0.3592289984226227
2021-04-21,51762.2734375,2403.53515625,506.01300048828125,1.147017002105713,38.8797607421875,1.159682035446167,32.98847579956055,0.2609669864177704,35.23340606689453,253.07835388183594,1.163849949836731,0.19079700112342834,0.3494449853897095
2021-04-22,51093.65234375,2363.586181640625,526.5652465820312,1.155701994895935,36.97842025756836,1.169659972190857,32.22798538208008,0.2485090047121048,35.05847930908203,241.35877990722656,1.1640390157699585,0.2012850046157837,0.38180801272392273
2021-04-23,50050.8671875,2211.625732421875,496.4150695800781,1.101354956626892,40.7373161315918,1.0487060546875,28.932832717895508,0.27021199464797974,31.125198364257812,224.8357696533203,1.0881669521331787,0.17827899754047394,0.3534280061721802
2021-04-24,49004.25390625,2316.0595703125,505.0770568847656,1.0882500410079956,47.36762619018555,1.032256007194519,29.762489318847656,0.2511110007762909,31.540620803833008,223.6328582763672,1.094038963317871,0.16777899861335754,0.3828839957714081
2021-04-25,54021.75390625,2534.481689453125,534.5776977539062,1.2340190410614014,43.97651672363281,1.3685059547424316,33.4066276550293,0.2706739902496338,35.135986328125,247.4059295654297,1.2379560470581055,0.18886199593544006,0.5351930260658264
2021-04-26,55033.1171875,2662.865234375,568.4705200195312,1.306926965713501,43.2390022277832,1.4009549617767334,34.70315933227539,0.2721880078315735,36.808067321777344,259.65228271484375,1.3090460300445557,0.20892000198364258,0.8327540159225464
2021-04-27,54824.703125,2746.380126953125,562.632568359375,1.3356659412384033,44.825984954833984,1.3586009740829468,33.967552185058594,0.3236820101737976,36.2208366394043,258.5051574707031,1.288059949874878,0.19859999418258667,0.7731130123138428
2021-04-28,53555.109375,2756.876953125,599.70654296875,1.3080140352249146,42.460540771484375,1.399359941482544,35.96815490722656,0.3051689863204956,36.44501876831055,255.58526611328125,1.3197669982910156,0.19135700166225433,0.8908720016479492
2021-04-29,57750.17578125,2773.20703125,624.08056640625,1.3524490594863892,42.95600128173828,1.5916739702224731,36.54066467285156,0.3375610113143921,38.12850570678711,271.1670837402344,1.403602957725525,0.20107899606227875,0.8205680251121521
2021-04-30,57828.05078125,2945.892822265625,619.3472290039062,1.3530709743499756,49.50802230834961,1.6510250568389893,36.929683685302734,0.3929870128631592,41.11626052856445,276.8335266113281,1.3949459791183472,0.20419000089168549,0.7868210077285767
2021-05-01,56631.078125,2952.05615234375,622.1010131835938,1.3268120288848877,46.890987396240234,1.5626410245895386,36.6545295715332,0.37604600191116333,39.50485610961914,269.1043701171875,1.3871430158615112,0.21602800488471985,0.8245120048522949
2021-05-02,57200.29296875,3431.086181640625,675.68408203125,1.362030029296875,45.93368911743164,1.555994987487793,37.25520706176758,0.44170698523521423,42.05980682373047,294.7040100097656,1.4359550476074219,0.21077899634838104,0.7961390018463135
2021-05-03,53333.5390625,3253.62939453125,611.2003173828125,1.274111032485962,42.729557037353516,1.3923759460449219,34.85350799560547,0.5413339734077454,45.68613815307617,306.2344970703125,1.2785060405731201,0.1885789930820465,0.7043830156326294
2021-05-04,57424.0078125,3522.783203125,651.6627197265625,1.4755289554595947,44.92357635498047,1.6145119667053223,40.49504470825195,0.6576330065727234,49.42929458618164,356.0370788574219,1.4423110485076904,0.2073190063238144,0.8110849857330322
2021-05-05,56396.515625,3490.88037109375,633.2803955078125,1.650123953819275,43.4556770324707,1.6005810499191284,41.53346633911133,0.5808039903640747,47.127403259277344,353.5103454589844,1.5424649715423584,0.21527999639511108,0.7617849707603455
2021-05-06,57356.40234375,3484.72900390625,624.5632934570312,1.65345299243927,43.1550178527832,1.5817550420761108,39.92985153198242,0.684777021408081,49.31119918823242,346.2535705566406,1.581908941268921,0.23084600269794464,0.7531290054321289
2021-05-07,58803.77734375,3902.647705078125,646.100830078125,1.619554042816162,45.56153106689453,1.5625979900360107,39.83269119262695,0.6364390254020691,48.60890579223633,346.3687438964844,1.5174089670181274,0.22331200540065765,0.8482580184936523
2021-05-08,58232.31640625,3928.8447265625,662.2285766601562,1.7705620527267456,44.330196380615234,1.5352929830551147,40.312843322753906,0.5700700283050537,52.19869613647461,386.4507751464844,1.5126049518585205,0.23375700414180756,0.9698650240898132
2021-05-09,55859.796875,3952.2939453125,631.3519897460938,1.6446959972381592,42.90963363647461,1.3890060186386108,36.541770935058594,0.4499639868736267,46.46869659423828,359.3293151855469,1.371485948562622,0.20280200242996216,0.8750690221786499
2021-05-10,56704.57421875,4168.701171875,672.3339233398438,1.7640769481658936,44.57746887207031,1.4776819944381714,38.64228439331055,0.4952310025691986,48.754764556884766,377.3887939453125,1.4764569997787476,0.21282699704170227,1.069219946861267
2021-05-11,49150.53515625,3785.8486328125,588.1851806640625,1.5527750253677368,42.45730972290039,1.247864007949829,34.03139114379883,0.3853760063648224,41.03371047973633,303.0848693847656,1.2510759830474854,0.16456200182437897,1.0190140008926392
2021-05-12,49716.19140625,3715.1484375,571.4345092773438,1.9336680173873901,40.99785232543945,1.3589099645614624,40.031654357910156,0.49037399888038635,43.0898323059082,316.9093322753906,1.3527920246124268,0.1820710003376007,1.0531539916992188
2021-05-13,49880.53515625,4079.057373046875,603.1282958984375,2.004796028137207,42.717864990234375,1.4029170274734497,47.94593811035156,0.5596039891242981,46.54690170288086,326.2338562011719,1.468775987625122,0.1867399960756302,1.470762014389038
2021-05-14,46760.1875,3638.1220703125,563.0416870117188,2.1740269660949707,43.461307525634766,1.4858800172805786,43.538631439208984,0.507972002029419,41.498313903808594,299.77252197265625,1.3838460445404053,0.17209500074386597,1.608185052871704
2021-05-15,46456.05859375,3587.506103515625,562.829833984375,2.309113025665283,47.200828552246094,1.452605962753296,42.63151168823242,0.5148950219154358,40.73714828491211,296.6270446777344,1.400199055671692,0.1767369955778122,1.714745044708252
2021-05-16,43537.51171875,3282.397705078125,511.9643859863281,2.032226085662842,46.86320495605469,1.4962999820709229,38.71015930175781,0.4878920018672943,37.19443893432617,281.7693176269531,1.2853660583496094,0.1580210030078888,1.7279729843139648
2021-05-17,42909.40234375,3380.070068359375,508.0223083496094,2.003662109375,55.91096115112305,1.5907340049743652,40.645355224609375,0.47611498832702637,42.54531478881836,294.61932373046875,1.3660160303115845,0.16207900643348694,2.45436692237854
2021-05-18,37002.44140625,2460.67919921875,339.0254821777344,1.4825210571289062,35.107181549072266,1.0703129768371582,25.227142333984375,0.33312299847602844,26.70195960998535,189.52017211914062,0.9434970021247864,0.10766900330781937,1.6593899726867676
2021-05-19,40782.73828125,2784.294189453125,393.6127624511719,1.8104690313339233,44.74274826049805,1.1855369806289673,29.150569915771484,0.400193989276886,30.78122901916504,212.27613830566406,1.1131600141525269,0.13179700076580048,1.8414510488510132
2021-05-20,37304.69140625,2430.621337890625,326.29632568359375,1.5522769689559937,38.81285095214844,1.0069760084152222,24.463970184326172,0.3593820035457611,25.577577590942383,180.19703674316406,0.9809759855270386,0.10865999758243561,1.4823360443115234
2021-05-21,37536.6328125,2295.70556640625,299.50408935546875,1.463621973991394,31.315582275390625,0.9063169956207275,22.014524459838867,0.34237098693847656,23.292158126831055,169.5945587158203,0.9745280146598816,0.09952700138092041,1.1932920217514038
2021-05-22,34770.58203125,2109.579833984375,262.9456787109375,1.325435996055603,24.68874740600586,0.7970150113105774,18.029441833496094,0.30807098746299744,20.008373260498047,143.5193634033203,0.8259029984474182,0.08693599700927734,1.0867149829864502
2021-05-23,38705.98046875,2643.591064453125,345.30963134765625,1.5494849681854248,31.283571243286133,0.9928349852561951,23.19908905029297,0.3661620020866394,26.362958908081055,183.99412536621094,0.9779030084609985,0.1119839996099472,1.7175769805908203
2021-05-24,38402.22265625,2706.62890625,344.1139831542969,1.5553690195083618,29.99707794189453,0.976186990737915,22.130130767822266,0.34630200266838074,27.629838943481445,183.49789428710938,0.9763579964637756,0.11236300319433212,1.9400500059127808
2021-05-25,39294.19921875,2888.69873046875,379.85430908203125,1.7827019691467285,35.539817810058594,1.0337250232696533,24.5496883392334,0.35369300842285156,33.9848747253418,199.22433471679688,1.024055004119873,0.1331000030040741,2.2101669311523438
2021-05-26,38436.96875,2736.488525390625,367.6557922363281,1.6459599733352661,33.584590911865234,0.9702349901199341,23.852981567382812,0.33294498920440674,31.514713287353516,193.12109375,0.9687860012054443,0.1232990026473999,2.026745080947876
2021-05-27,35697.60546875,2419.90625,329.8799133300781,1.5119869709014893,29.039276123046875,0.9001479744911194,21.410093307495117,0.3112049996852875,27.951692581176758,177.32066345214844,0.898697018623352,0.10830000042915344,1.8232940435409546
2021-05-28,34616.06640625,2279.51416015625,305.0521545410156,1.4062319993972778,27.376420974731445,0.8317880034446716,19.863374710083008,0.3031100034713745,25.398639678955078,163.80810546875,0.8294129967689514,0.09899000078439713,1.6981940269470215
2021-05-29,35678.12890625,2390.305419921875,325.7840270996094,1.577278971672058,28.602659225463867,0.9066089987754822,20.473987579345703,0.3022240102291107,26.86960220336914,170.9782257080078,0.8501799702644348,0.10757199674844742,1.8649380207061768
2021-05-30,37332.85546875,2714.9453125,354.329345703125,1.742777943611145,32.816246032714844,1.0465840101242065,23.430927276611328,0.3258099853992462,32.088584899902344,188.03367614746094,0.937608003616333,0.1261579990386963,1.8810240030288696
2021-05-31,36684.92578125,2633.518310546875,362.7946472167969,1.7347530126571655,30.985260009765625,1.0110009908676147,22.81084632873535,0.3700770139694214,30.699012756347656,182.98069763183594,0.8946970105171204,0.12071599811315536,1.8211640119552612
2021-06-01,37575.1796875,2706.125,401.2623291015625,1.7528239488601685,33.95631790161133,1.024399995803833,25.957727432250977,0.4233739972114563,30.656301498413086,187.26397705078125,1.0182650089263916,0.12583400309085846,1.7958970069885254
2021-06-02,39208.765625,2855.12646484375,427.80792236328125,1.8404710292816162,39.47090530395508,1.045320987701416,27.013458251953125,0.39996299147605896,32.19055938720703,193.086181640625,1.1099220514297485,0.1426900029182434,1.8238459825515747
2021-06-03,36894.40625,2688.195068359375,391.39532470703125,1.710908055305481,37.415069580078125,0.970196008682251,25.008298873901367,0.37632301449775696,28.87575340270996,178.87200927734375,1.0287610292434692,0.12929700314998627,1.631484031677246
2021-06-04,35551.95703125,2630.576904296875,390.4318542480469,1.6590089797973633,39.58539962768555,0.9232860207557678,23.816770553588867,0.37217700481414795,27.12679672241211,173.02871704101562,0.9766010046005249,0.12523199617862701,1.5273339748382568
2021-06-05,35862.37890625,2715.0927734375,393.8202209472656,1.6782480478286743,42.30837631225586,0.945285975933075,24.20159912109375,0.3718070089817047,27.551576614379883,176.63943481445312,1.024901032447815,0.1286270022392273,1.5834280252456665
2021-06-06,33560.70703125,2590.26318359375,357.3102111816406,1.5641059875488281,38.262332916259766,0.8611549735069275,21.6269588470459,0.33105000853538513,24.527210235595703,161.73280334472656,0.9552559852600098,0.1144229993224144,1.4801219701766968
2021-06-07,33472.6328125,2517.438720703125,354.0013732910156,1.5880299806594849,41.51781463623047,0.8757879734039307,21.745269775390625,0.32768699526786804,24.174898147583008,161.16107177734375,0.9434419870376587,0.11346700042486191,1.485098958015442
2021-06-08,37345.12109375,2608.26708984375,375.73468017578125,1.6248259544372559,42.031776428222656,0.9200339913368225,23.184938430786133,0.3433310091495514,25.5693416595459,172.13865661621094,1.046550989151001,0.11998199671506882,1.4924269914627075
2021-06-09,36702.59765625,2471.5185546875,352.1831970214844,1.5318570137023926,41.09867477416992,0.8691819906234741,22.684816360473633,0.32635098695755005,23.100679397583008,168.20306396484375,1.0439200401306152,0.11185400187969208,1.3622050285339355
2021-06-10,37334.3984375,2353.768798828125,345.9336853027344,1.436378002166748,36.046085357666016,0.8484500050544739,20.985857009887695,0.3193590044975281,21.478967666625977,162.88052368164062,0.971231997013092,0.1048780009150505,1.251965045928955
2021-06-11,35552.515625,2372.484375,343.74102783203125,1.4802199602127075,36.441688537597656,0.8326830267906189,20.777036666870117,0.31208398938179016,21.686546325683594,162.01486206054688,0.9861140251159668,0.10603000223636627,1.3412690162658691
2021-06-12,39097.859375,2508.3916015625,366.6489562988281,1.5583590269088745,38.77043533325195,0.8831599950790405,22.07633399963379,0.3243820071220398,23.337600708007812,170.93087768554688,1.040552020072937,0.1125440001487732,1.4692169427871704
2021-06-13,40218.4765625,2537.89111328125,368.7927551269531,1.5751099586486816,38.71305465698242,0.8928970098495483,22.20535659790039,0.3320850133895874,23.860898971557617,172.9490966796875,1.0862120389938354,0.11303599923849106,1.4778629541397095
2021-06-14,40406.26953125,2610.936767578125,373.566162109375,1.597756028175354,41.153648376464844,0.8898000121116638,24.760835647583008,0.3283810019493103,26.084226608276367,178.659423828125,1.0711820125579834,0.11347600072622299,1.6914600133895874
2021-06-15,38347.0625,2367.66357421875,347.033447265625,1.4825730323791504,39.703617095947266,0.8319079875946045,22.97217559814453,0.307761013507843,23.015077590942383,166.4589385986328,1.0159720182418823,0.10748600214719772,1.4771970510482788
2021-06-16,38053.50390625,2372.001953125,352.738525390625,1.482193946838379,39.264591217041016,0.8414379954338074,22.51145362854004,0.3064959943294525,23.35679054260254,167.05569458007812,1.0650780200958252,0.10722000151872635,1.5037939548492432
2021-06-17,35787.24609375,2231.733154296875,336.8096923828125,1.415395975112915,36.64879608154297,0.797648012638092,21.398895263671875,0.2934719920158386,21.211151123046875,156.3556365966797,0.9850289821624756,0.09946399927139282,1.3772610425949097
2021-06-18,35615.87109375,2178.4990234375,335.71282958984375,1.390570044517517,35.35343551635742,0.7616729736328125,20.355941772460938,0.2873559892177582,20.423982620239258,153.2954559326172,0.9404079914093018,0.0970819965004921,1.3636950254440308
2021-06-19,35698.296875,2246.364501953125,340.06719970703125,1.4291880130767822,35.32201385498047,0.7763770222663879,20.67236328125,0.2809000015258789,21.735416412353516,155.09259033203125,0.9360150098800659,0.09871900081634521,1.3989959955215454
2021-06-20,31676.693359375,1888.447509765625,270.98443603515625,1.1774799823760986,26.657400131225586,0.6103879809379578,15.769904136657715,0.17869099974632263,17.424097061157227,124.78646087646484,0.7550010085105896,0.07371599972248077,1.0990519523620605
2021-06-21,32505.66015625,1874.9500732421875,261.8180847167969,1.1532540321350098,26.7718563079834,0.5450670123100281,14.652412414550781,0.19103099405765533,16.80649185180664,119.6026840209961,0.7432649731636047,0.07147099822759628,1.0743839740753174
2021-06-22,33723.02734375,1989.736328125,294.49029541015625,1.2528959512710571,30.048887252807617,0.6265349984169006,16.14249038696289,0.23217399418354034,18.387203216552734,128.67498779296875,0.8330090045928955,0.07576499879360199,1.1585869789123535
2021-06-23,34662.4375,1988.456298828125,308.39703369140625,1.3560869693756104,31.181034088134766,0.671999990940094,16.253658294677734,0.2627820074558258,19.037357330322266,134.48460388183594,0.8716210126876831,0.08054500073194504,1.2031480073928833
2021-06-24,31637.779296875,1813.21728515625,281.62091064453125,1.256477952003479,28.698862075805664,0.6133229732513428,14.467696189880371,0.23915299773216248,16.930967330932617,125.687744140625,0.7968019843101501,0.07238200306892395,1.0461629629135132
2021-06-25,32186.27734375,1829.2392578125,279.43804931640625,1.250440001487732,29.712854385375977,0.615435004234314,14.499611854553223,0.24478399753570557,16.95522117614746,126.65725708007812,0.8096879720687866,0.07384900003671646,1.0754530429840088
2021-06-26,34649.64453125,1978.8946533203125,290.5670166015625,1.3352019786834717,31.929391860961914,0.6469230055809021,15.015593528747559,0.2644500136375427,18.344139099121094,132.34788513183594,0.834954023361206,0.07783299684524536,1.1120330095291138
2021-06-27,34434.3359375,2079.657470703125,289.53411865234375,1.3247519731521606,32.92778015136719,0.643746018409729,15.740378379821777,0.2568570077419281,18.773988723754883,137.370849609375,0.8404840230941772,0.07924199849367142,1.119223952293396
2021-06-28,35867.77734375,2160.768310546875,300.2115478515625,1.3684370517730713,33.86680221557617,0.7017250061035156,16.25337028503418,0.26276901364326477,19.460010528564453,143.70291137695312,0.8849599957466125,0.08978299796581268,1.1672790050506592
2021-06-29,35040.8359375,2274.547607421875,303.2958679199219,1.383471965789795,35.55640411376953,0.7063739895820618,16.40219497680664,0.2542150020599365,19.497236251831055,144.13583374023438,0.8823680281639099,0.09060999751091003,1.1674280166625977
2021-06-30,33572.1171875,2113.60546875,288.2184143066406,1.3356109857559204,33.40403366088867,0.6611800193786621,15.278964042663574,0.2445490062236786,18.273292541503906,137.57752990722656,0.8385040163993835,0.08459900319576263,1.0773570537567139
2021-07-01,33897.046875,2150.040283203125,287.423095703125,1.3943970203399658,34.02048110961914,0.6567630171775818,15.340773582458496,0.2452639937400818,18.28356170654297,136.94369506835938,0.8462730050086975,0.08674299716949463,1.1036109924316406
2021-07-02,34668.546875,2226.1142578125,298.23712158203125,1.4068360328674316,34.478816986083984,0.6728879809379578,15.553715705871582,0.24641099572181702,18.538818359375,140.27969360351562,0.8766210079193115,0.08738599717617035,1.118638038635254
2021-07-03,35287.78125,2321.72412109375,307.7320861816406,1.458184003829956,34.31060028076172,0.6949449777603149,16.014026641845703,0.2464829981327057,19.26283836364746,144.90585327148438,0.8798410296440125,0.08780399709939957,1.1478650569915771
2021-07-04,33746.00390625,2198.58251953125,302.37799072265625,1.4048980474472046,32.984588623046875,0.6542999744415283,15.23558235168457,0.23161399364471436,18.37158966064453,138.0732421875,0.8742669820785522,0.08340799808502197,1.1016099452972412
2021-07-05,34235.1953125,2324.679443359375,320.934814453125,1.4180530309677124,34.26913833618164,0.6654019951820374,16.143564224243164,0.2344219982624054,20.08046531677246,138.9856414794922,0.9139779806137085,0.08452799916267395,1.1317859888076782
2021-07-06,33855.328125,2315.161865234375,327.5224609375,1.4031180143356323,36.59136962890625,0.6515750288963318,16.857789993286133,0.22412599623203278,19.764127731323242,137.3712158203125,0.9050790071487427,0.08342800289392471,1.128411054611206
2021-07-07,32877.37109375,2120.0263671875,310.4271240234375,1.3301459550857544,33.20372772216797,0.623058021068573,15.337747573852539,0.20759700238704681,18.42205047607422,132.30850219726562,0.8693439960479736,0.07618899643421173,1.0433399677276611
2021-07-08,33798.01171875,2146.6923828125,316.4845275878906,1.3494739532470703,33.2646484375,0.6368039846420288,15.669268608093262,0.21986399590969086,18.63038444519043,134.57159423828125,0.9052379727363586,0.0768589973449707,1.0513290166854858
2021-07-09,33520.51953125,2111.403564453125,316.14013671875,1.3360849618911743,31.788644790649414,0.6254630088806152,15.290839195251465,0.213919997215271,18.207788467407227,133.98728942871094,0.8919079899787903,0.07594899833202362,1.02987802028656
2021-07-10,34240.1875,2139.664794921875,322.0316467285156,1.3481450080871582,32.17784118652344,0.6359350085258484,15.48243522644043,0.21585600078105927,18.363967895507812,134.24583435058594,0.8924329876899719,0.07762899994850159,1.0421520471572876
2021-07-11,33155.84765625,2036.7210693359375,316.32818603515625,1.3150990009307861,30.848087310791016,0.6301779747009277,14.873132705688477,0.2080480009317398,17.55035400390625,133.5381317138672,0.8701429963111877,0.07517199963331223,0.9969879984855652
2021-07-12,32702.025390625,1940.083984375,308.8111572265625,1.2650829553604126,29.12118911743164,0.6195229887962341,14.18964958190918,0.2000029981136322,16.866161346435547,131.32180786132812,0.8738759756088257,0.07288900017738342,0.9456639885902405
2021-07-13,32822.34765625,1994.331298828125,309.4063720703125,1.2622580528259277,31.2810001373291,0.6203240156173706,13.799570083618164,0.1973239928483963,16.945682525634766,131.06260681152344,0.8588359951972961,0.07256200164556503,0.9286959767341614
2021-07-14,31780.73046875,1911.1756591796875,315.2440185546875,1.2231919765472412,28.45210075378418,0.5969409942626953,13.08484935760498,0.18488800525665283,15.681652069091797,125.49156188964844,0.8312079906463623,0.0688449963927269,0.8767820000648499
2021-07-15,31421.5390625,1880.3829345703125,302.985595703125,1.1737149953842163,26.37000846862793,0.5907739996910095,12.053826332092285,0.17234499752521515,15.26286506652832,121.04105377197266,0.7849929928779602,0.06539600342512131,0.8126140236854553
2021-07-16,31533.068359375,1898.8251953125,300.4979248046875,1.172302007675171,26.721668243408203,0.582427978515625,12.292176246643066,0.1861249953508377,15.360055923461914,120.0270767211914,0.7846919894218445,0.06549599766731262,0.8014609813690186
2021-07-17,31796.810546875,1895.5521240234375,302.4804992675781,1.183698058128357,26.751909255981445,0.5879219770431519,12.682146072387695,0.18223300576210022,15.502411842346191,119.51201629638672,0.7999110221862793,0.06755799800157547,0.7954570055007935
2021-07-18,30817.83203125,1817.296630859375,280.01861572265625,1.121116042137146,24.44757652282715,0.5575559735298157,11.425251007080078,0.17355599999427795,14.509061813354492,113.16480255126953,0.7492539882659912,0.06165999919176102,0.7307279706001282
2021-07-19,29807.34765625,1787.5107421875,264.7823791503906,1.0562909841537476,23.48955535888672,0.5293359756469727,10.98121166229248,0.17080099880695343,13.775897026062012,107.39948272705078,0.697206974029541,0.05783100053668022,0.6901010274887085
2021-07-20,32110.693359375,1990.9708251953125,292.5313720703125,1.168097972869873,26.623079299926758,0.569998025894165,12.305878639221191,0.19034899771213531,15.268477439880371,117.45989227294922,0.7656009793281555,0.06591399759054184,0.8880090117454529
2021-07-21,32313.10546875,2025.2027587890625,293.6411437988281,1.1861610412597656,27.70208168029785,0.5922060012817383,13.161491394042969,0.19130299985408783,16.085718154907227,120.73579406738281,0.7973380088806152,0.0677189975976944,0.8805509805679321
2021-07-22,33581.55078125,2124.776611328125,299.2829895019531,1.206307053565979,28.513879776000977,0.6092240214347839,13.397968292236328,0.19476400315761566,16.51156234741211,124.2494125366211,0.8079860210418701,0.07097399979829788,0.9492300152778625
2021-07-23,34292.4453125,2189.21875,302.0718688964844,1.2334970235824585,28.702619552612305,0.6098269820213318,13.805340766906738,0.19731900095939636,16.70583152770996,126.18867492675781,0.8287979960441589,0.07231199741363525,0.9493250250816345
2021-07-24,35350.1875,2191.373779296875,302.4361572265625,1.2285009622573853,28.168773651123047,0.6063569784164429,13.712599754333496,0.19786399602890015,16.759658813476562,127.59797668457031,0.890030026435852,0.07427900284528732,0.9399430155754089
2021-07-25,37337.53515625,2233.36669921875,304.4782409667969,1.2584929466247559,28.306642532348633,0.6256179809570312,13.951711654663086,0.20441900193691254,18.08965301513672,131.36248779296875,0.8507680296897888,0.07790400087833405,1.0178860425949097
2021-07-26,39406.94140625,2298.33349609375,313.60260009765625,1.2784459590911865,28.065326690673828,0.6446040272712708,14.37607192993164,0.20589900016784668,19.4996337890625,134.6178741455078,0.8542119860649109,0.08382999897003174,1.0398199558258057
2021-07-27,39995.90625,2296.54541015625,313.42864990234375,1.2835040092468262,27.815410614013672,0.7254449725151062,14.538834571838379,0.2053920030593872,19.0302734375,139.83660888671875,0.8424050211906433,0.08256299793720245,1.015442967414856
2021-07-28,40008.421875,2380.956787109375,316.74945068359375,1.2840839624404907,31.281137466430664,0.7480170130729675,15.236948013305664,0.20461900532245636,19.345849990844727,141.3212890625,0.8455179929733276,0.08246199786663055,1.025704026222229
2021-07-29,42235.546875,2466.96142578125,322.90936279296875,1.3089519739151,32.393943786621094,0.7521190047264099,15.838522911071777,0.20882099866867065,22.315961837768555,145.7750244140625,0.8529030084609985,0.08584599941968918,1.0694069862365723
2021-07-30,41626.1953125,2536.2099609375,333.5495910644531,1.3223450183868408,36.82731246948242,0.7477859854698181,16.847204208374023,0.20831400156021118,22.75370216369629,144.93321228027344,0.8412489891052246,0.08958599716424942,1.0826489925384521
2021-07-31,39974.89453125,2561.85205078125,333.4840087890625,1.3177299499511719,34.25436019897461,0.7259219884872437,18.413965225219727,0.2044370025396347,22.12683868408203,140.73553466796875,0.8141409754753113,0.08591700345277786,1.052474021911621
2021-08-01,39201.9453125,2610.1533203125,331.1031188964844,1.3100680112838745,33.22241973876953,0.7392200231552124,18.017284393310547,0.20360000431537628,23.480348587036133,141.50550842285156,0.8177760243415833,0.08617199957370758,1.04818594455719
2021-08-02,38152.98046875,2502.349609375,322.74774169921875,1.3650259971618652,33.99644088745117,0.7127289772033691,17.33682632446289,0.19596700370311737,23.875957489013672,138.2908477783203,0.8167719841003418,0.08493699878454208,1.0187950134277344
2021-08-03,39747.50390625,2724.619873046875,334.9187927246094,1.3765640258789062,35.76362609863281,0.7304880023002625,19.16309356689453,0.20148999989032745,24.188875198364258,142.623046875,0.8277810215950012,0.08841300010681152,1.0526820421218872
2021-08-04,40869.5546875,2827.328857421875,337.8738708496094,1.386144995689392,37.35513687133789,0.7331510186195374,19.13237190246582,0.2009740024805069,24.050495147705078,143.43597412109375,0.8512730002403259,0.0908219963312149,1.0649449825286865
2021-08-05,42816.5,2890.941650390625,342.1369934082031,1.401785969734192,39.446102142333984,0.7465130090713501,20.400678634643555,0.20468799769878387,23.85933494567871,147.8009490966797,0.8540189862251282,0.09630600363016129,1.0808219909667969
2021-08-06,44555.80078125,3157.23876953125,355.7413635253906,1.4706770181655884,39.403472900390625,0.8162810206413269,20.96709442138672,0.26034098863601685,24.63165283203125,155.86477661132812,0.8754990100860596,0.10353200137615204,1.166139006614685
2021-08-07,43798.1171875,3013.732666015625,342.06475830078125,1.4278299808502197,37.673824310302734,0.7787389755249023,19.676132202148438,0.2400449961423874,23.045608520507812,149.8477325439453,0.8254209756851196,0.10128699988126755,1.0809069871902466
2021-08-08,46365.40234375,3167.856201171875,354.9668273925781,1.4776400327682495,38.767784118652344,0.8185529708862305,20.6209716796875,0.2568970024585724,24.287246704101562,166.516357421875,0.8554109930992126,0.1060279980301857,1.127634048461914
2021-08-09,45585.03125,3141.691162109375,371.9543762207031,1.6725660562515259,40.63979721069336,0.8512470126152039,20.608009338378906,0.2573249936103821,24.566286087036133,165.46041870117188,0.8826509714126587,0.10630600154399872,1.1575889587402344
2021-08-10,45593.63671875,3164.2451171875,391.7570495605469,1.7980380058288574,41.74411392211914,1.0125240087509155,21.402421951293945,0.26526299118995667,25.9465389251709,170.93594360351562,0.9122030138969421,0.11128400266170502,1.373568058013916
2021-08-11,44428.2890625,3043.414306640625,385.8189697265625,1.8238780498504639,41.099361419677734,0.9645490050315857,20.754806518554688,0.26392099261283875,24.917234420776367,165.1310272216797,0.8828870058059692,0.10698500275611877,1.3210190534591675
2021-08-12,47793.3203125,3322.211669921875,410.94488525390625,2.1360790729522705,44.894500732421875,1.089959979057312,22.714149475097656,0.2868080139160156,27.733137130737305,183.2860870361328,0.9546359777450562,0.12071099877357483,1.513185977935791
2021-08-13,47096.9453125,3265.443359375,409.03448486328125,2.1916871070861816,44.112850189208984,1.280411958694458,22.861026763916016,0.29311299324035645,27.15542221069336,182.71127319335938,0.9322149753570557,0.1301479935646057,1.4417589902877808
2021-08-14,47047.00390625,3310.504150390625,414.59503173828125,2.1691529750823975,53.74515914916992,1.288159966468811,23.17401695251465,0.34144100546836853,27.90401268005371,184.904296875,0.9964510202407837,0.13915200531482697,1.466439962387085
2021-08-15,46004.484375,3156.509521484375,417.4708557128906,2.0794169902801514,62.432464599609375,1.1909929513931274,24.535856246948242,0.3207150101661682,28.084339141845703,178.8544921875,0.949383020401001,0.1294569969177246,1.4275130033493042
2021-08-16,44695.359375,3014.845947265625,401.9089050292969,1.9266010522842407,64.21070861816406,1.0981990098953247,23.533639907836914,0.29944199323654175,26.15813636779785,168.84263610839844,0.8847249746322632,0.11812999844551086,1.3517589569091797
2021-08-17,44801.1875,3020.08984375,398.25146484375,2.108560085296631,72.5433120727539,1.14609694480896,23.948135375976562,0.3037390112876892,25.512895584106445,167.3966064453125,0.9248210191726685,0.11980599910020828,1.3385469913482666
2021-08-18,46717.578125,3182.7021484375,430.9888610839844,2.4281399250030518,72.75760650634766,1.232841968536377,26.548627853393555,0.3171440064907074,27.064760208129883,175.493408203125,1.0444979667663574,0.13016900420188904,1.4692679643630981
2021-08-19,49339.17578125,3286.935302734375,454.9363098144531,2.4577019214630127,78.72461700439453,1.2632219791412354,28.146953582763672,0.32749098539352417,28.701841354370117,183.62852478027344,1.1381640434265137,0.13324099779129028,1.5527429580688477
2021-08-20,48905.4921875,3226.083984375,448.9202575683594,2.4354350566864014,73.75621032714844,1.2164729833602905,27.873336791992188,0.3167969882488251,27.861591339111328,179.73614501953125,1.1470979452133179,0.1280820071697235,1.5849740505218506
2021-08-21,49321.65234375,3242.115478515625,449.0534973144531,2.7137250900268555,72.80391693115234,1.2277220487594604,27.736873626708984,0.3149630129337311,28.022817611694336,186.31309509277344,1.1581649780273438,0.12829099595546722,1.626175045967102
2021-08-22,49546.1484375,3319.25732421875,499.8905944824219,2.917386054992676,75.70803833007812,1.2472699880599976,27.89130973815918,0.3179140090942383,28.554101943969727,187.10643005371094,1.1593250036239624,0.13159599900245667,1.624295949935913
2021-08-23,47706.1171875,3172.456298828125,471.595458984375,2.7210910320281982,70.67090606689453,1.1373519897460938,25.081445693969727,0.28873899579048157,25.752197265625,173.57681274414062,1.037632942199707,0.12138599902391434,1.4747469425201416
2021-08-24,48960.7890625,3224.915283203125,502.7862548828125,2.7381319999694824,71.95156860351562,1.1725289821624756,25.935373306274414,0.29222598671913147,26.520479202270508,177.6032257080078,1.0630799531936646,0.12728600203990936,1.5259510278701782
2021-08-25,46942.21875,3100.325439453125,479.006103515625,2.5355279445648193,75.31620788574219,1.0752660036087036,23.981494903564453,0.2689090073108673,24.426326751708984,168.08558654785156,0.9899569749832153,0.1160300001502037,1.3777389526367188
2021-08-26,49058.66796875,3270.600830078125,494.4986877441406,2.944196939468384,88.08698272705078,1.1884729862213135,26.569753646850586,0.29443299770355225,26.018299102783203,175.98440551757812,1.065106987953186,0.1281139999628067,1.5154930353164673
2021-08-27,48902.40234375,3244.4033203125,486.1969299316406,2.847490072250366,96.70317077636719,1.1455049514770508,25.96674156188965,0.285629004240036,25.729089736938477,175.45408630371094,1.036795973777771,0.12311899662017822,1.4579119682312012
2021-08-28,48829.83203125,3227.002685546875,480.28302001953125,2.8559861183166504,94.46967315673828,1.1408319473266602,25.73291778564453,0.281125009059906,25.813661575317383,174.7042236328125,1.0215229988098145,0.12358999997377396,1.4207819700241089
2021-08-29,47054.984375,3224.374267578125,459.4907531738281,2.7331600189208984,110.54480743408203,1.1014349460601807,26.044719696044922,0.2721250057220459,24.980934143066406,167.42466735839844,1.0189900398254395,0.11699900031089783,1.3139029741287231
2021-08-30,47166.6875,3433.732666015625,464.4187316894531,2.772475004196167,108.48377227783203,1.1875929832458496,31.470020294189453,0.27845299243927,26.750707626342773,171.6592254638672,1.116987943649292,0.12308400124311447,1.338104009628296
2021-08-31,48847.02734375,3834.828125,490.0687255859375,2.870767116546631,111.03300476074219,1.234889030456543,33.13948059082031,0.29440099000930786,29.73518180847168,180.97216796875,1.1588549613952637,0.13753600418567657,1.471418023109436
2021-09-01,49327.72265625,3790.989990234375,483.9210510253906,2.963438034057617,128.10238647460938,1.256324052810669,31.814712524414062,0.29595500230789185,29.985244750976562,183.61724853515625,1.1458849906921387,0.14326800405979156,1.4467209577560425
2021-09-02,50025.375,3940.61474609375,488.6047058105469,2.9682390689849854,146.5830535888672,1.2914350032806396,33.67427444458008,0.29627299308776855,30.784265518188477,212.96597290039062,1.22074294090271,0.14333100616931915,1.4592169523239136
2021-09-03,49944.625,3887.828369140625,498.07843017578125,2.8328070640563965,139.11306762695312,1.2557790279388428,32.41751480102539,0.29938799142837524,29.897823333740234,212.35845947265625,1.2075560092926025,0.14496099948883057,1.7339099645614624
2021-09-04,51753.41015625,3952.133544921875,504.619873046875,2.9108240604400635,142.0708770751953,1.3054980039596558,34.408790588378906,0.3145270049571991,33.5034294128418,231.333984375,1.3166719675064087,0.1539440006017685,1.679481029510498
2021-09-05,52633.53515625,3928.37939453125,495.9250183105469,2.831897020339966,164.38092041015625,1.3894129991531372,34.31120300292969,0.3087649941444397,34.78485870361328,219.52577209472656,1.4679399728775024,0.14963500201702118,1.64382803440094
2021-09-06,46811.12890625,3426.394287109375,417.5087890625,2.502490997314453,173.14892578125,1.1250989437103271,27.82574462890625,0.2537440061569214,28.11425018310547,178.11439514160156,1.266266942024231,0.12240099906921387,1.3542020320892334
2021-09-07,46091.390625,3497.315185546875,415.1131591796875,2.4749889373779297,191.04139709472656,1.1007200479507446,27.70879364013672,0.2571130096912384,27.15100860595703,179.72467041015625,1.9237489700317383,0.11872299760580063,1.333335041999817
2021-09-08,46391.421875,3427.340087890625,421.27001953125,2.5176661014556885,188.19580078125,1.0894010066986084,29.835569381713867,0.252595990896225,27.978628158569336,180.37680053710938,2.3122479915618896,0.12159000337123871,1.3671890497207642
2021-09-09,44883.91015625,3211.505859375,401.6217956542969,2.385910987854004,179.865234375,1.0572669506072998,29.215356826782227,0.2399819940328598,26.387523651123047,174.29603576660156,2.0045928955078125,0.1123490035533905,1.304479956626892
2021-09-10,45201.45703125,3270.278076171875,405.5273742675781,2.6339499950408936,178.8678741455078,1.0799059867858887,31.594602584838867,0.24143199622631073,27.041149139404297,178.68856811523438,1.983834981918335,0.11553800106048584,1.3154699802398682
2021-09-11,46063.26953125,3410.134521484375,416.6832275390625,2.5817270278930664,174.53762817382812,1.119636058807373,35.77433776855469,0.25061699748039246,29.379243850708008,183.23448181152344,2.3794798851013184,0.12005700170993805,1.3297380208969116
2021-09-12,44963.07421875,3285.51171875,399.0634460449219,2.400662899017334,169.26954650878906,1.0646779537200928,34.76799011230469,0.23590600490570068,26.918481826782227,179.48394775390625,2.1571691036224365,0.11222200095653534,1.2476099729537964
2021-09-13,47092.4921875,3429.169677734375,414.2362365722656,2.3956379890441895,158.09481811523438,1.0965739488601685,37.37580108642578,0.24070900678634644,30.746164321899414,183.13906860351562,2.037281036376953,0.11751700192689896,1.316789984703064
2021-09-14,48176.34765625,3615.28271484375,431.42303466796875,2.5016350746154785,159.1173858642578,1.121353030204773,36.46339416503906,0.24769699573516846,30.779600143432617,189.23941040039062,2.0159220695495605,0.12216199934482574,1.4163730144500732
2021-09-15,47783.359375,3571.294921875,424.64923095703125,2.420969009399414,152.47406005859375,1.0914980173110962,35.547550201416016,0.24255500733852386,29.82655143737793,185.53807067871094,2.039315938949585,0.11663799732923508,1.383579969406128
2021-09-16,47267.51953125,3398.538818359375,406.6328125,2.346419095993042,147.5930633544922,1.0655980110168457,33.021385192871094,0.23993000388145447,27.694597244262695,179.68408203125,1.9204649925231934,0.1114720031619072,1.422435998916626
2021-09-17,48278.36328125,3432.018310546875,410.8092956542969,2.3699779510498047,169.18421936035156,1.0756679773330688,34.89886474609375,0.24138599634170532,28.39057731628418,181.30886840820312,2.0722110271453857,0.11296699941158295,1.3662420511245728
2021-09-18,47260.21875,3329.447998046875,408.4716491699219,2.282299041748047,152.51669311523438,1.0484280586242676,33.801334381103516,0.23314200341701508,27.395748138427734,175.7406005859375,1.9734530448913574,0.10808199644088745,1.31454598903656
2021-09-19,42843.80078125,2958.993408203125,361.9659118652344,2.0639889240264893,132.13446044921875,0.9171519875526428,28.051830291748047,0.20707100629806519,23.43109893798828,156.46401977539062,1.650480031967163,0.09088599681854248,1.1263760328292847
2021-09-20,40693.67578125,2764.43115234375,344.53460693359375,1.9870280027389526,123.95039367675781,0.8763290047645569,26.31650161743164,0.2010270059108734,21.432621002197266,148.38987731933594,1.5748549699783325,0.08612000197172165,1.046900987625122
2021-09-21,43574.5078125,3077.867919921875,379.4403381347656,2.2661819458007812,147.92425537109375,1.0040760040283203,31.611772537231445,0.22485800087451935,24.493072509765625,161.41200256347656,1.8421239852905273,0.09895399957895279,1.231153964996338
2021-09-22,44895.09765625,3155.523681640625,383.8204040527344,2.3309409618377686,149.75357055664062,1.0020400285720825,33.54473876953125,0.22483199834823608,25.453983306884766,163.81834411621094,2.0057408809661865,0.10213100165128708,1.2255940437316895
2021-09-23,42839.75,2931.669189453125,355.3162841796875,2.281269073486328,139.39564514160156,0.9459239840507507,30.842344284057617,0.20945100486278534,23.280738830566406,152.2317352294922,1.7886890172958374,0.0926079973578453,1.1289069652557373
2021-09-24,42716.59375,2925.565673828125,349.8800964355469,2.3015410900115967,136.17892456054688,0.9413419961929321,29.843185424804688,0.208639994263649,24.52366065979004,151.18145751953125,1.7330069541931152,0.09025400131940842,1.1222749948501587
2021-09-25,43208.5390625,3062.265380859375,344.1817626953125,2.2084949016571045,135.69937133789062,0.944720983505249,28.828662872314453,0.20496200025081635,24.602155685424805,150.640869140625,1.7736339569091797,0.09141399711370468,1.12301504611969
2021-09-26,42235.73046875,2934.138916015625,336.19122314453125,2.1359050273895264,136.72842407226562,0.9236850142478943,27.772104263305664,0.20026199519634247,23.06629753112793,145.34957885742188,1.6741830110549927,0.08676300197839737,1.0866930484771729
2021-09-27,41034.54296875,2807.296630859375,333.0325927734375,2.0391390323638916,131.53721618652344,0.893688976764679,26.33382797241211,0.1968040019273758,22.101900100708008,140.5971221923828,1.561946988105774,0.08191300183534622,1.0503549575805664
2021-09-28,41564.36328125,2853.143310546875,367.9895935058594,2.065687894821167,135.35145568847656,0.9283490180969238,27.274255752563477,0.19887599349021912,22.880529403686523,144.9186248779297,1.6050740480422974,0.08467499911785126,1.0994160175323486
2021-09-29,43790.89453125,3001.678955078125,387.0573425292969,2.1144518852233887,141.0690460205078,0.9526360034942627,28.58061981201172,0.204244002699852,23.98634910583496,153.1479949951172,1.628594994544983,0.09512700140476227,1.1271090507507324
2021-09-30,48116.94140625,3307.51611328125,421.6431884765625,2.258126974105835,161.682373046875,1.0426239967346191,31.96877670288086,0.22301000356674194,26.297439575195312,166.1322021484375,1.7742979526519775,0.10809800028800964,1.2661950588226318
2021-10-01,47711.48828125,3391.6943359375,428.09832763671875,2.2514588832855225,169.093017578125,1.0386749505996704,32.122108459472656,0.21913300454616547,26.94674301147461,169.25892639160156,1.7774670124053955,0.11145099997520447,1.296617031097412
2021-10-02,48199.953125,3418.358642578125,430.5088195800781,2.252872943878174,172.5891571044922,1.0551700592041016,32.105255126953125,0.2217479944229126,27.559040069580078,170.60997009277344,1.9876610040664673,0.11049400269985199,1.3253790140151978
2021-10-03,49112.90234375,3380.089111328125,425.7489013671875,2.189234972000122,166.73191833496094,1.043004035949707,31.042125701904297,0.2408519983291626,26.559356689453125,167.54014587402344,1.9330790042877197,0.109265998005867,1.2719099521636963
2021-10-04,51514.8125,3518.5185546875,442.7061462402344,2.233124017715454,164.11582946777344,1.0855029821395874,31.427457809448242,0.25201600790023804,27.24262809753418,173.89108276367188,1.9533560276031494,0.11336699873209,1.3145439624786377
2021-10-05,55361.44921875,3580.56201171875,435.4013671875,2.2121551036834717,154.1077423095703,1.0776560306549072,32.28961181640625,0.2551339864730835,26.83726692199707,178.70567321777344,1.8194659948349,0.11232300102710724,1.2576429843902588
2021-10-06,53805.984375,3587.974853515625,438.7617492675781,2.2769949436187744,154.28118896484375,1.0680259466171265,33.97454833984375,0.24292300641536713,26.834035873413086,178.771728515625,1.8882369995117188,0.11168999969959259,1.2765079736709595
2021-10-07,53967.84765625,3563.75927734375,419.10205078125,2.237175941467285,158.94920349121094,1.0628910064697266,33.372894287109375,0.24385100603103638,26.40096092224121,175.97238159179688,1.899196982383728,0.1115259975194931,1.3440279960632324
2021-10-08,54968.22265625,3575.716796875,421.5494689941406,2.2666149139404297,156.82583618164062,1.1599260568618774,36.3274040222168,0.24659599363803864,27.417076110839844,179.65866088867188,1.890509009361267,0.11817599833011627,1.351140022277832
2021-10-09,54771.578125,3425.852783203125,405.0693054199219,2.197213888168335,148.0487060546875,1.1384530067443848,34.4664192199707,0.22980499267578125,25.648935317993164,175.31857299804688,1.7714530229568481,0.11091600358486176,1.248175024986267
2021-10-10,57484.7890625,3545.35400390625,413.4562072753906,2.173388957977295,144.85813903808594,1.137887954711914,34.18463134765625,0.23150299489498138,25.25881576538086,179.42605590820312,1.7175250053405762,0.10928399860858917,1.24372398853302
2021-10-11,56041.05859375,3492.5732421875,443.8675231933594,2.119189977645874,152.73712158203125,1.1018589735031128,35.159767150878906,0.22624200582504272,24.623647689819336,172.79776000976562,1.7449009418487549,0.10680299997329712,1.2238709926605225
2021-10-12,57401.09765625,3606.20166015625,470.74969482421875,2.1890530586242676,148.17604064941406,1.128391981124878,41.6169319152832,0.23257200419902802,25.61174964904785,177.62832641601562,1.838683009147644,0.11541199684143066,1.2411179542541504
2021-10-13,57321.5234375,3786.01416015625,472.02239990234375,2.170362949371338,149.75680541992188,1.132315993309021,40.75510025024414,0.23227299749851227,26.647485733032227,180.11839294433594,1.8041549921035767,0.11892800033092499,1.2630540132522583
2021-10-14,61593.94921875,3862.634765625,473.70263671875,2.214651107788086,162.59620666503906,1.1405500173568726,43.15711212158203,0.23378199338912964,26.94454574584961,188.8141326904297,1.752943992614746,0.11967899650335312,1.583204984664917
2021-10-15,60892.1796875,3830.382080078125,465.6424560546875,2.177712917327881,157.538818359375,1.1350959539413452,41.757625579833984,0.23729200661182404,27.228479385375977,186.18930053710938,1.796759009361267,0.1197889968752861,1.506134033203125
2021-10-16,61553.6171875,3847.1044921875,470.62554931640625,2.1569631099700928,159.74380493164062,1.0934679508209229,42.073951721191406,0.23789800703525543,26.54088592529297,183.73052978515625,1.7681440114974976,0.1222430020570755,1.4565349817276
2021-10-17,62026.078125,3748.76025390625,485.11102294921875,2.128262996673584,157.2312774658203,1.0838420391082764,41.18367004394531,0.2472810000181198,25.70457649230957,185.55674743652344,1.7367429733276367,0.11855100095272064,1.4791159629821777
2021-10-18,64261.9921875,3877.65087890625,488.14886474609375,2.112962007522583,156.01702880859375,1.092079997062683,41.38401412963867,0.24578799307346344,25.936241149902344,188.9398193359375,1.7111539840698242,0.11616300046443939,1.471904993057251
2021-10-19,65992.8359375,4155.9921875,501.02032470703125,2.1859500408172607,175.94686889648438,1.1423280239105225,44.348655700683594,0.2540929913520813,27.419164657592773,206.87078857421875,1.7885329723358154,0.12207499891519547,1.5318690538406372
2021-10-20,62210.171875,4054.32275390625,471.2569274902344,2.1365909576416016,190.3184356689453,1.0893150568008423,42.846519470214844,0.24239100515842438,28.268346786499023,196.8691864013672,1.782410979270935,0.12918399274349213,1.5044549703598022
2021-10-21,60692.265625,3970.181884765625,478.6431579589844,2.1541988849639893,196.43153381347656,1.0883740186691284,43.44936752319336,0.24422100186347961,28.661046981811523,190.82228088378906,1.8594059944152832,0.13002300262451172,1.514093041419983
2021-10-23,61504.19921875,4092.929443359375,482.9374694824219,2.1648802757263184,199.17236328125,1.1006759405136108,44.17744445800781,0.24735935032367706,31.177082061767578,196.8197021484375,1.9199918508529663,0.13828471302986145,1.6592804193496704
