formatted_date,BTC-USD,ETH-USD,BNB-USD,ADA-USD,SOL1-USD,XRP-USD,DOT1-USD,DOGE-USD,LUNA1-USD,UNI3-USD,AVAX-USD,LINK-USD,LTC-USD,ALGO-USD
2020-10-23,13108.0625,412.4576110839844,30.588821411132812,0.10807500034570694,1.9118280410766602,0.2564310133457184,4.355343818664551,0.0026459998916834593,0.3115440011024475,2.9432570934295654,4.189700126647949,12.731548309326172,59.09558868408203,0.30737701058387756
2020-10-24,13031.173828125,406.2177734375,30.107540130615234,0.10635100305080414,1.7874590158462524,0.25321298837661743,4.335230827331543,0.002652999944984913,0.30808600783348083,2.775747060775757,4.153210163116455,12.160058975219727,58.674800872802734,0.3031879961490631
2020-10-26,13075.248046875,393.8883056640625,31.154560089111328,0.10309699922800064,1.6854660511016846,0.2486879974603653,4.727015972137451,0.002678999910131097,0.30418500304222107,2.725903034210205,4.160973072052002,11.747901916503906,56.74577713012695,0.2914600074291229
2020-10-27,13654.21875,403.9970397949219,31.638721466064453,0.10282699763774872,1.7102320194244385,0.2528989911079407,4.6839518547058105,0.00267699989490211,0.30915001034736633,2.8223989009857178,4.1222429275512695,11.973836898803711,57.8160514831543,0.28753599524497986
2020-10-28,13271.28515625,388.6507568359375,30.363506317138672,0.0989769995212555,1.4900530576705933,0.24586500227451324,4.3650970458984375,0.0025949999690055847,0.3081830143928528,,4.066606044769287,11.461742401123047,55.74251174926758,0.2773270010948181
2020-10-29,13437.8828125,386.7301025390625,29.842477798461914,0.09537599980831146,1.4289360046386719,0.24229499697685242,4.053345203399658,0.002581000095233321,0.30209600925445557,,3.7753119468688965,11.265140533447266,54.76585388183594,0.2560870051383972
2020-10-30,13546.5224609375,382.8199768066406,28.508411407470703,0.0933689996600151,1.4413360357284546,0.23918400704860687,4.088112831115723,0.002597999991849065,0.30390799045562744,,3.714937925338745,11.098557472229004,53.83503341674805,0.25445300340652466
2020-10-31,13780.9951171875,386.59033203125,28.431215286254883,0.09305600076913834,1.5406999588012695,0.23974399268627167,4.18176794052124,0.0025760000571608543,0.30274999141693115,,3.6483678817749023,11.22083854675293,55.59025955200195,0.24947099387645721
2020-11-01,13737.109375,396.3581848144531,28.461565017700195,0.09819699823856354,1.5998400449752808,0.23979699611663818,4.22561502456665,0.0025820001028478146,0.2995690107345581,,3.682663917541504,11.536629676818848,55.587623596191406,0.2572909891605377
2020-11-02,13550.4892578125,383.15673828125,27.883930206298828,0.0921429991722107,1.474071979522705,0.23542100191116333,4.030231952667236,0.002517000073567033,0.286857008934021,,3.623914957046509,10.797578811645508,53.817481994628906,0.2461470067501068
2020-11-03,13950.30078125,387.6021728515625,26.8570499420166,0.09343399852514267,1.4122339487075806,0.23950999975204468,4.025467872619629,0.0025279999244958162,0.2905130088329315,,3.332746982574463,10.387001991271973,53.81962203979492,0.23287099599838257
2020-11-04,14133.70703125,402.1419982910156,26.931514739990234,0.09536900371313095,1.3922549486160278,0.2377929985523224,4.098083019256592,0.002532999962568283,0.28399398922920227,,3.1846330165863037,10.472586631774902,54.49910354614258,0.23859800398349762
2020-11-05,15579.8486328125,414.0673522949219,27.675859451293945,0.09699399769306183,1.4052180051803589,0.2457759976387024,4.235195159912109,0.002616999903693795,0.29236599802970886,,3.3582050800323486,10.990669250488281,58.678497314453125,0.24770699441432953
2020-11-06,15565.880859375,454.71929931640625,29.01799964904785,0.10910499840974808,1.9137400388717651,0.25844499468803406,4.579651832580566,0.0027600000612437725,0.30473700165748596,,3.5952820777893066,12.118071556091309,63.13111114501953,0.27647098898887634
2020-11-07,14833.75390625,435.713134765625,27.738094329833984,0.10137899965047836,2.031964063644409,0.24958199262619019,4.241960048675537,0.0026710000820457935,0.29236501455307007,,3.4034080505371094,11.757224082946777,59.143646240234375,0.25826600193977356
2020-11-08,15479.5673828125,453.5547790527344,28.305116653442383,0.10662099719047546,2.1565980911254883,0.2539390027523041,4.372093200683594,0.002710999920964241,0.3030160069465637,,3.476598024368286,12.656035423278809,61.05504608154297,0.2664940059185028
2020-11-09,15332.3154296875,444.1630554199219,28.018020629882812,0.10532499849796295,2.0286519527435303,0.25074800848960876,4.346766948699951,0.0026700000744313,0.2974179983139038,,3.4171249866485596,12.520734786987305,59.36388397216797,0.26061999797821045
2020-11-10,15290.90234375,449.67962646484375,28.193342208862305,0.10580500215291977,2.2479870319366455,0.25391098856925964,4.415016174316406,0.002753000007942319,0.3082500100135803,,3.586142063140869,13.003462791442871,58.237342834472656,0.28678399324417114
2020-11-11,15701.33984375,462.9605407714844,27.956178665161133,0.10596500337123871,2.0021250247955322,0.2562589943408966,4.457201957702637,0.002768999896943569,0.3209260106086731,,3.484355926513672,12.807538032531738,59.51502990722656,0.27873799204826355
2020-11-12,16276.34375,461.0052795410156,27.61480712890625,0.10452499985694885,1.8991379737854004,0.25490298867225647,4.399240016937256,0.002778999973088503,0.3165299892425537,,3.429142951965332,12.423222541809082,60.365379333496094,0.265159010887146
2020-11-13,16317.80859375,474.6264343261719,28.182172775268555,0.10639099776744843,2.020792007446289,0.265190988779068,4.5401201248168945,0.0028210000600665808,0.3189220130443573,,3.697801113128662,12.887977600097656,65.45719909667969,0.2797450125217438
2020-11-14,16068.138671875,460.14984130859375,27.936201095581055,0.10420200228691101,1.9170160293579102,0.268341988325119,4.4656219482421875,0.0027729999274015427,0.30529600381851196,,3.5004849433898926,12.576959609985352,63.77415084838867,0.2658270001411438
2020-11-15,15955.587890625,447.55908203125,27.621030807495117,0.10053099691867828,2.04323410987854,0.2696419954299927,4.379988193511963,0.0027749999426305294,0.3080269992351532,,3.5365800857543945,12.12181282043457,62.27992248535156,0.2548860013484955
2020-11-16,16716.111328125,459.9403076171875,28.064109802246094,0.10400799661874771,2.255354881286621,0.2855199873447418,4.485499858856201,0.0028860000893473625,0.31289899349212646,,3.716655969619751,12.590789794921875,71.32624816894531,0.26969200372695923
2020-11-17,17645.40625,480.3600769042969,28.530580520629883,0.1096000000834465,2.202181100845337,0.30240800976753235,4.844666004180908,0.0029360000044107437,0.31113401055336,,3.831768035888672,13.244711875915527,75.85234069824219,0.27402999997138977
2020-11-18,17804.005859375,479.48406982421875,28.076162338256836,0.10640300065279007,2.1150290966033936,0.29422199726104736,4.679663181304932,0.0029090000316500664,0.3163299858570099,,3.74868106842041,13.592995643615723,73.69493865966797,0.2674820125102997
2020-11-19,17817.08984375,471.63043212890625,28.094104766845703,0.10586600005626678,2.0767691135406494,0.30376601219177246,4.756765842437744,0.002911000046879053,0.3238210082054138,,3.6270039081573486,13.621882438659668,81.68367004394531,0.2645609974861145
2020-11-20,18621.314453125,509.74456787109375,28.891996383666992,0.11822599917650223,2.0953919887542725,0.32806798815727234,5.233436107635498,0.002983999904245138,0.34304100275039673,,3.7106049060821533,14.078272819519043,82.5831527709961,0.2844020128250122
2020-11-21,18642.232421875,549.4866333007812,30.39129066467285,0.1329450011253357,2.382205009460449,0.4583440124988556,5.7519211769104,0.0035069999285042286,0.3456119894981384,,4.001855850219727,15.355934143066406,86.41011810302734,0.3152939975261688
2020-11-22,18370.001953125,558.068115234375,29.925071716308594,0.14475999772548676,2.1448450088500977,0.44369998574256897,5.481853008270264,0.0033289999701082706,0.34797900915145874,,3.8899691104888916,14.444801330566406,82.70420837402344,0.2970300018787384
2020-11-23,18364.12109375,608.4540405273438,30.965368270874023,0.15351000428199768,2.276376962661743,0.6139799952507019,5.9069318771362305,0.003648000070825219,0.3788430094718933,,4.068428039550781,15.270844459533691,89.03931427001953,0.33517301082611084
2020-11-24,19107.46484375,603.8977661132812,33.80315017700195,0.1663230061531067,2.2679669857025146,0.6921030282974243,5.729445934295654,0.0042039998807013035,0.4113309979438782,,4.266965866088867,15.620664596557617,89.20537567138672,0.3578920066356659
2020-11-25,18732.12109375,570.6866455078125,31.342960357666016,0.1551620066165924,2.270034074783325,0.6354830265045166,5.3098602294921875,0.0037269999738782644,0.40699899196624756,,4.049502849578857,14.260965347290039,81.880126953125,0.34371501207351685
2020-11-26,17150.623046875,518.8011474609375,28.20491600036621,0.13828100264072418,1.9030369520187378,0.5330190062522888,4.804576873779297,0.0032500000670552254,0.3494260013103485,,3.5277099609375,12.575363159179688,70.86572265625,0.3018229901790619
2020-11-27,17108.40234375,517.4937133789062,28.475187301635742,0.1410280019044876,1.8579490184783936,0.5592679977416992,4.782790184020996,0.003275000024586916,0.3839460015296936,,3.5921521186828613,12.490259170532227,69.12387084960938,0.29997798800468445
2020-11-28,17717.4140625,538.2297973632812,29.143911361694336,0.16479100286960602,1.8889349699020386,0.6256219744682312,4.900475978851318,0.0034050000831484795,0.3849630057811737,,3.6245028972625732,13.078346252441406,72.69296264648438,0.31311100721359253
2020-11-29,18177.484375,575.758056640625,30.117603302001953,0.16663900017738342,1.915155053138733,0.6062459945678711,5.190351963043213,0.003447999944910407,0.3801119923591614,,3.7043120861053467,13.372918128967285,79.23506927490234,0.3175579905509949
2020-11-30,19625.8359375,614.842529296875,31.392786026000977,0.1713079959154129,1.9668910503387451,0.6643369793891907,5.376430034637451,0.0035510000307112932,0.3982410132884979,,3.6864240169525146,14.225639343261719,87.57463073730469,0.32857099175453186
2020-12-01,18802.998046875,587.3241577148438,30.10830307006836,0.15598300099372864,1.976307988166809,0.6129230260848999,5.09356689453125,0.003335000015795231,0.38902100920677185,,3.579318046569824,13.389534950256348,85.4357681274414,0.30906200408935547
2020-12-02,19201.091796875,598.3523559570312,30.297361373901367,0.1585569977760315,2.115401029586792,0.6298930048942566,5.4641571044921875,0.0033740000799298286,0.408161997795105,,3.7314178943634033,13.98736572265625,88.85651397705078,0.3417010009288788
2020-12-03,19445.3984375,616.708740234375,30.704429626464844,0.16421200335025787,2.1003708839416504,0.6314830183982849,5.410368919372559,0.0034280000254511833,0.5024719834327698,,3.8219220638275146,13.97472095489502,89.09896850585938,0.3407210111618042
2020-12-04,18699.765625,569.3541870117188,29.072208404541016,0.14824099838733673,1.8559529781341553,0.5572620034217834,5.032713890075684,0.00329799996688962,0.4509429931640625,,3.551129102706909,12.74124526977539,80.01707458496094,0.3269580006599426
2020-12-05,19154.23046875,596.595458984375,29.729488372802734,0.1596679985523224,1.9787739515304565,0.5844209790229797,5.188902854919434,0.0033970000222325325,0.5100119709968567,,3.615125894546509,13.1730375289917,83.11872863769531,0.34467801451683044
2020-12-06,19345.12109375,601.9089965820312,29.540803909301758,0.1588670015335083,1.8542490005493164,0.6198509931564331,5.135868072509766,0.003387999953702092,0.5016509890556335,,3.599608898162842,13.49239730834961,83.55533599853516,0.33714398741722107
2020-12-07,19191.630859375,591.8433837890625,29.378135681152344,0.1541299968957901,1.8311729431152344,0.6089339852333069,5.060319900512695,0.0033420000690966845,0.508309006690979,,3.392122983932495,13.080948829650879,83.62406158447266,0.3311539888381958
2020-12-08,18321.14453125,554.8277587890625,27.636306762695312,0.1409280002117157,1.6653519868850708,0.5588359832763672,4.733346939086914,0.0031789999920874834,0.4727019965648651,,3.1125550270080566,12.145713806152344,76.7486572265625,0.3009530007839203
2020-12-09,18553.916015625,573.4791259765625,28.129304885864258,0.1481650024652481,1.6623040437698364,0.5835899710655212,4.861896991729736,0.0031580000650137663,0.49212101101875305,,3.2619690895080566,12.633390426635742,77.41098022460938,0.30619001388549805
2020-12-10,18264.9921875,559.6785278320312,27.696189880371094,0.14199399948120117,1.5741510391235352,0.572953999042511,4.797595977783203,0.0031049998942762613,0.4755440056324005,,3.1526899337768555,11.922199249267578,74.82955932617188,0.29434800148010254
2020-12-11,18058.904296875,545.79736328125,27.361003875732422,0.13944900035858154,1.4445849657058716,0.5464829802513123,4.621051788330078,0.0030789999291300774,0.46411600708961487,,3.2358059883117676,11.66010570526123,72.08733367919922,0.28988999128341675
2020-12-12,18803.65625,568.5673217773438,28.164451599121094,0.14445999264717102,1.4909119606018066,0.506401002407074,4.740454196929932,0.003163000103086233,0.48255598545074463,,3.334230899810791,12.20915699005127,76.70689392089844,0.3098439872264862
2020-12-13,19142.3828125,589.6632080078125,29.10169219970703,0.15396399796009064,1.5654560327529907,0.51146399974823,4.891211986541748,0.0032560001127421856,0.47971099615097046,,3.331057071685791,12.933703422546387,82.00064086914062,0.3091430068016052
2020-12-14,19246.64453125,586.0111694335938,30.029577255249023,0.15799200534820557,1.5916459560394287,0.49771198630332947,4.8980817794799805,0.0032309999223798513,0.4719829857349396,,3.1403470039367676,12.827552795410156,82.3631591796875,0.3127549886703491
2020-12-15,19417.076171875,589.3555908203125,29.547283172607422,0.15430499613285065,1.7606710195541382,0.46970999240875244,5.249607086181641,0.0032059999648481607,0.4782240092754364,,3.29994797706604,12.70547103881836,81.40067291259766,0.3254759907722473
2020-12-16,21310.59765625,636.1818237304688,30.49019432067871,0.1675889939069748,1.7835979461669922,0.5686280131340027,5.35931396484375,0.003415999934077263,0.5037909746170044,,3.3441619873046875,13.45108699798584,92.78968811035156,0.33995500206947327
2020-12-17,22805.162109375,642.8689575195312,30.184133529663086,0.16348299384117126,1.6786340475082397,0.5766770243644714,5.343967914581299,0.0037299999967217445,0.4833369851112366,,3.2092549800872803,13.467132568359375,100.9595718383789,0.3321259915828705
2020-12-18,23137.9609375,654.8119506835938,30.9383602142334,0.16498799622058868,1.698799967765808,0.5842800140380859,5.367640972137451,0.0038580000400543213,0.5320159792900085,,3.4047980308532715,13.51119327545166,109.38450622558594,0.353863000869751
2020-12-19,23869.83203125,659.2979125976562,33.296356201171875,0.1647139936685562,1.6686509847640991,0.5791630148887634,5.338944911956787,0.003926999866962433,0.5376240015029907,,3.4696130752563477,13.492186546325684,120.55890655517578,0.3566269874572754
2020-12-20,23477.294921875,638.2908325195312,34.16029739379883,0.1619880050420761,1.5635759830474854,0.5560579895973206,5.188476085662842,0.004625000059604645,0.4889020025730133,,3.311469078063965,13.070074081420898,114.6659927368164,0.3390049934387207
2020-12-21,22803.08203125,609.81787109375,32.269527435302734,0.15265600383281708,1.5419150590896606,0.5169439911842346,4.890545845031738,0.004786999896168709,0.46917200088500977,,3.09761905670166,12.341995239257812,105.0053939819336,0.327331006526947
2020-12-22,23783.029296875,634.8541870117188,33.482948303222656,0.15617899596691132,1.4902859926223755,0.4484480023384094,5.154829978942871,0.0045079998672008514,0.5094940066337585,,3.082421064376831,12.793932914733887,113.68036651611328,0.336887001991272
2020-12-23,23241.345703125,583.714599609375,31.097898483276367,0.13639399409294128,1.2056920528411865,0.25860199332237244,4.710612773895264,0.003768000053241849,0.4609450101852417,,2.916322946548462,10.83131217956543,101.81706237792969,0.28888601064682007
2020-12-24,23735.94921875,611.607177734375,32.50059127807617,0.15288299322128296,1.3624080419540405,0.33781901001930237,5.128820896148682,0.004569999873638153,0.519228994846344,,3.0987229347229004,11.575453758239746,111.56539916992188,0.3139060139656067
2020-12-25,24664.791015625,626.4107055664062,33.164974212646484,0.15756399929523468,1.445402979850769,0.3180910050868988,5.214210033416748,0.0045819999650120735,0.5381900072097778,,2.954710006713867,11.546685218811035,126.98359680175781,0.3097440004348755
2020-12-26,26437.037109375,635.8358154296875,33.47713851928711,0.15782399475574493,1.3242379426956177,0.29471299052238464,5.182180881500244,0.004494000226259232,0.5404180288314819,,2.9182701110839844,10.964874267578125,129.45919799804688,0.30932000279426575
2020-12-27,26272.294921875,682.642333984375,33.51184844970703,0.15442200005054474,1.3030420541763306,0.28303900361061096,5.136190891265869,0.004548000171780586,0.5518440008163452,,2.906161069869995,12.129708290100098,127.5169677734375,0.3191229999065399
2020-12-28,27084.80859375,730.3973388671875,35.84455871582031,0.17673499882221222,1.515684962272644,0.2479580044746399,6.588821887969971,0.004592000041157007,0.6200159788131714,,2.947434902191162,12.62838077545166,130.0503387451172,0.35623899102211
2020-12-29,27362.4375,731.5201416015625,38.95283126831055,0.19216400384902954,1.6743450164794922,0.22096200287342072,7.519257068634033,0.004486000165343285,0.647970974445343,,2.924665927886963,11.771124839782715,129.04080200195312,0.3459179997444153
2020-12-30,28840.953125,751.6189575195312,38.13629913330078,0.18403999507427216,1.5354570150375366,0.21182799339294434,7.254300117492676,0.004635999910533428,0.6690729856491089,,2.9224090576171875,11.253575325012207,129.46607971191406,0.3355430066585541
2020-12-31,29001.720703125,737.8034057617188,37.376033782958984,0.18139700591564178,1.5108979940414429,0.2198459953069687,9.292508125305176,0.004681999795138836,0.6525200009346008,,3.1356089115142822,11.270538330078125,124.69032287597656,0.33403998613357544
2021-01-01,29374.15234375,730.3675537109375,37.90501022338867,0.17534999549388885,1.8420840501785278,0.23744399845600128,8.306818962097168,0.005685000214725733,0.6494429707527161,,3.664823055267334,11.872554779052734,126.2303466796875,0.3981289863586426
2021-01-02,32127.267578125,774.5349731445312,38.24159240722656,0.17742300033569336,1.7992750406265259,0.2216549962759018,9.208836555480957,0.010614999569952488,0.6314259767532349,,3.4949400424957275,12.220136642456055,136.94488525390625,0.4080910086631775
2021-01-03,32782.0234375,975.5076904296875,41.14897918701172,0.20499500632286072,2.1617519855499268,0.2258480042219162,10.033283233642578,0.009770999662578106,0.6618949770927429,,3.4729440212249756,13.650172233581543,160.19058227539062,0.4227670133113861
2021-01-04,31971.9140625,1040.2330322265625,40.926353454589844,0.2247619926929474,2.4850969314575195,0.23667700588703156,9.469611167907715,0.009766999632120132,0.6702439785003662,,3.590243101119995,13.571063041687012,154.8073272705078,0.4386659860610962
2021-01-05,33992.4296875,1100.006103515625,41.73460006713867,0.25831401348114014,2.157217025756836,0.22675000131130219,9.701656341552734,0.009920000098645687,0.7166739702224731,,4.237411975860596,14.539868354797363,158.5947723388672,0.4794290065765381
2021-01-06,36824.36328125,1207.1121826171875,42.16595458984375,0.3318980038166046,1.929216980934143,0.2508949935436249,10.096068382263184,0.010464999824762344,0.7161769866943359,,4.620357036590576,17.155256271362305,169.0169219970703,0.5113149881362915
2021-01-07,39371.04296875,1225.6781005859375,43.44948959350586,0.2999800145626068,2.3727450370788574,0.32600200176239014,9.644584655761719,0.00974200014024973,0.8590080142021179,,4.4766130447387695,16.031967163085938,169.61595153808594,0.4628230035305023
2021-01-08,40797.609375,1224.1971435546875,42.39531707763672,0.3055970072746277,3.2198870182037354,0.32322999835014343,9.307134628295898,0.009846000000834465,0.8525720238685608,,5.797110080718994,15.288084983825684,173.27987670898438,0.45476898550987244
2021-01-09,40254.546875,1281.0772705078125,43.93285369873047,0.33297300338745117,3.3853819370269775,0.32691600918769836,9.777765274047852,0.010193999856710434,0.8190150260925293,,7.218531131744385,17.607513427734375,177.4839324951172,0.48624199628829956
2021-01-10,38356.44140625,1262.2467041015625,42.4484748840332,0.3048950135707855,3.466110944747925,0.31833600997924805,9.305047988891602,0.009859999641776085,0.8470690250396729,,6.586495876312256,16.2474308013916,171.11483764648438,0.4620310068130493
2021-01-11,35566.65625,1090.1453857421875,38.371360778808594,0.2754659950733185,3.1080899238586426,0.28890499472618103,8.276439666748047,0.008834999985992908,0.7403960227966309,,6.494089126586914,14.556933403015137,139.25222778320312,0.41698700189590454
2021-01-12,33922.9609375,1043.4345703125,38.111610412597656,0.2870030105113983,3.6133980751037598,0.2921229898929596,8.264147758483887,0.008062999695539474,0.7490249872207642,,7.782700061798096,13.915848731994629,132.6359100341797,0.3976899981498718
2021-01-13,37316.359375,1130.7393798828125,40.13593292236328,0.3136090040206909,3.513782024383545,0.3055799901485443,10.957710266113281,0.008616000413894653,0.8213670253753662,,8.466814994812012,15.93009090423584,147.4213409423828,0.45074599981307983
2021-01-14,39187.328125,1218.4530029296875,41.79368209838867,0.3103959858417511,3.2781639099121094,0.2954379916191101,14.539050102233887,0.009397000074386597,0.8314459919929504,,9.26131534576416,17.826250076293945,152.08457946777344,0.45364800095558167
2021-01-15,36825.3671875,1171.8345947265625,40.91897964477539,0.3025299906730652,3.2501609325408936,0.28040599822998047,13.212381362915039,0.009368999861180782,0.7918390035629272,,9.380011558532715,20.709726333618164,144.237548828125,0.48837000131607056
2021-01-16,36178.140625,1233.53759765625,43.17182540893555,0.35244399309158325,3.4470551013946533,0.2801879942417145,18.180423736572266,0.009265000000596046,0.7615190148353577,,12.877918243408203,20.21839714050293,144.2654266357422,0.5188919901847839
2021-01-17,35791.27734375,1230.1722412109375,45.68461227416992,0.3798519968986511,3.81813907623291,0.2773840129375458,16.984254837036133,0.009066999889910221,0.8073130249977112,,13.20268440246582,23.166772842407227,142.43081665039062,0.5840569734573364
2021-01-18,36630.07421875,1257.279541015625,45.353172302246094,0.3714280128479004,3.7955150604248047,0.2847689986228943,16.51292610168457,0.009170999750494957,0.7997519969940186,,12.701574325561523,22.03626251220703,152.1440887451172,0.566100001335144
2021-01-19,36069.8046875,1377.2958984375,42.7855339050293,0.3691369891166687,3.6418659687042236,0.2943139970302582,16.468509674072266,0.009097999893128872,0.9104620218276978,,11.790321350097656,20.754093170166016,153.4874267578125,0.5234860181808472
2021-01-20,35547.75,1382.2740478515625,42.60689926147461,0.37539398670196533,3.7235779762268066,0.2965179979801178,17.948930740356445,0.009060000069439411,0.9046739935874939,,12.411564826965332,21.846776962280273,149.93142700195312,0.5460249781608582
2021-01-21,30825.69921875,1121.5709228515625,38.64583969116211,0.3102090060710907,2.9905359745025635,0.26894599199295044,15.94483757019043,0.008166000247001648,0.7962350249290466,,11.310115814208984,18.424272537231445,130.1334991455078,0.46153900027275085
2021-01-22,33005.76171875,1236.51220703125,40.85757064819336,0.34957700967788696,3.346229076385498,0.27279898524284363,17.161441802978516,0.008523999713361263,0.8132269978523254,,12.718835830688477,21.629497528076172,137.27145385742188,0.511023998260498
2021-01-23,32067.642578125,1230.9906005859375,40.81547927856445,0.345643013715744,3.5041120052337646,0.271820992231369,18.59819984436035,0.008578999899327755,0.900708019733429,,12.877225875854492,24.761531829833984,137.75099182128906,0.5570570230484009
2021-01-24,32289.37890625,1391.609375,41.88160705566406,0.35388100147247314,3.634411096572876,0.2735089957714081,17.999649047851562,0.008727000094950199,0.9072499871253967,,12.463919639587402,24.701858520507812,141.47731018066406,0.5634490251541138
2021-01-25,32366.392578125,1324.414794921875,41.62370300292969,0.34388598799705505,3.6999809741973877,0.269089013338089,17.250455856323242,0.008383000269532204,0.8703569769859314,,12.224095344543457,23.54012107849121,137.44419860839844,0.5582470297813416
2021-01-26,32569.849609375,1357.05810546875,41.69473648071289,0.34423398971557617,4.04734992980957,0.26882699131965637,17.117761611938477,0.008255000226199627,1.2658920288085938,,12.172889709472656,23.025863647460938,134.75526428222656,0.6016219854354858
2021-01-27,30432.546875,1253.1871337890625,40.994876861572266,0.3130800127983093,3.690587043762207,0.2519429922103882,15.504860877990723,0.007482000160962343,1.1232320070266724,,11.184797286987305,21.07044792175293,122.94947052001953,0.5431529879570007
2021-01-28,31649.60546875,1298.101806640625,42.553070068359375,0.3333030045032501,3.8364739418029785,0.2572779953479767,16.8591365814209,0.012555000372231007,1.4843679666519165,,12.014947891235352,23.664226531982422,130.5916748046875,0.5564280152320862
2021-01-29,34316.38671875,1382.5228271484375,42.85234832763672,0.348131000995636,3.8346760272979736,0.2821879982948303,16.841611862182617,0.047162000089883804,1.4758729934692383,,11.621697425842285,22.7734432220459,135.0125732421875,0.6409500241279602
2021-01-30,34269.5234375,1376.115478515625,44.77227783203125,0.362619012594223,4.224276065826416,0.44024398922920227,16.506908416748047,0.028176000341773033,1.433493971824646,,11.984418869018555,23.59402847290039,133.4000244140625,0.6637920141220093
2021-01-31,33114.359375,1314.9862060546875,44.27599334716797,0.344897985458374,4.264143943786621,0.49231401085853577,16.121315002441406,0.037195999175310135,1.461069941520691,,13.516318321228027,22.598434448242188,129.57081604003906,0.6512479782104492
2021-02-01,33537.17578125,1369.04052734375,51.607696533203125,0.4020330011844635,4.611601829528809,0.37150898575782776,16.375776290893555,0.03487500175833702,1.792354941368103,,13.22776985168457,22.839641571044922,131.95193481445312,0.643447995185852
2021-02-02,35510.2890625,1515.1937255859375,51.05640411376953,0.4262470006942749,5.267508029937744,0.369269996881485,17.263256072998047,0.03152000159025192,2.340502977371216,,13.515045166015625,23.713613510131836,142.50697326660156,0.6526560187339783
2021-02-03,37472.08984375,1660.9095458984375,52.242637634277344,0.4413999915122986,5.71599006652832,0.3934899866580963,20.733652114868164,0.03711999952793121,2.104048013687134,,14.805048942565918,25.073034286499023,155.61203002929688,0.7408339977264404
2021-02-04,36926.06640625,1594.7626953125,55.92512512207031,0.44105100631713867,6.426064968109131,0.44644901156425476,19.70218276977539,0.05328899994492531,2.6437230110168457,,15.36817741394043,24.49896240234375,145.148193359375,0.707506000995636
2021-02-05,38144.30859375,1718.65087890625,67.84556579589844,0.5378739833831787,6.681719779968262,0.45004698634147644,20.90267562866211,0.04693499952554703,2.8702940940856934,,17.913799285888672,26.363325119018555,154.8522186279297,0.8341159820556641
2021-02-06,39266.01171875,1677.8468017578125,72.73359680175781,0.6278859972953796,6.110806941986084,0.43909600377082825,20.395479202270508,0.05759499967098236,2.6846048831939697,,17.97602081298828,25.04932975769043,155.71473693847656,0.8108649849891663
2021-02-07,38903.44140625,1614.227783203125,68.59052276611328,0.663237988948822,6.700462818145752,0.41795799136161804,19.793615341186523,0.07878199964761734,3.046436071395874,,24.207178115844727,24.79012107849121,151.14007568359375,0.8450400233268738
2021-02-08,46196.46484375,1746.6168212890625,79.83154296875,0.6825109720230103,7.8832502365112305,0.44770199060440063,23.031898498535156,0.07882499694824219,5.785560131072998,,30.275327682495117,25.45610237121582,167.21905517578125,1.0106070041656494
2021-02-09,46481.10546875,1768.0350341796875,107.89927673339844,0.7035160064697266,7.816792964935303,0.47199100255966187,23.12996482849121,0.07006999850273132,6.437321186065674,,31.598886489868164,27.594215393066406,182.11447143554688,1.0290169715881348
2021-02-10,44918.18359375,1744.243408203125,129.73715209960938,0.9303179979324341,9.072214126586914,0.503445029258728,23.585050582885742,0.07289600372314453,6.119060039520264,,55.29847717285156,26.859596252441406,182.1743927001953,1.0320899486541748
2021-02-11,47909.33203125,1783.7979736328125,124.43425750732422,0.9277409911155701,9.215352058410645,0.5247870087623596,25.230295181274414,0.0696759968996048,5.484724998474121,,47.37031936645508,27.874238967895508,184.49600219726562,1.2497169971466064
2021-02-12,47504.8515625,1843.5325927734375,136.94839477539062,0.925586998462677,9.2470121383667,0.6085919737815857,28.69125747680664,0.07006900012493134,5.725766181945801,,48.65618133544922,30.64073944091797,197.23170471191406,1.7124240398406982
2021-02-13,47105.515625,1814.10986328125,133.4526824951172,0.905718982219696,8.732455253601074,0.6289960145950317,28.016725540161133,0.06644999980926514,5.585742950439453,,43.787147521972656,34.10197830200195,226.22760009765625,1.6696950197219849
2021-02-14,48717.2890625,1805.0841064453125,136.426513671875,0.8484190106391907,8.738896369934082,0.5941929817199707,27.095735549926758,0.06253699958324432,5.651176929473877,,38.57595443725586,33.290321350097656,214.43026733398438,1.4720920324325562
2021-02-15,47945.05859375,1779.791015625,129.56788635253906,0.8610119819641113,8.861739158630371,0.5489150285720825,27.780893325805664,0.05659100040793419,5.453699111938477,,38.1765022277832,32.575897216796875,207.68101501464844,1.350877046585083
2021-02-16,49199.87109375,1781.0675048828125,130.05665588378906,0.8709509968757629,8.297866821289062,0.5208460092544556,30.159910202026367,0.05352000147104263,6.5123748779296875,,36.33607482910156,31.973480224609375,210.54656982421875,1.3135279417037964
2021-02-17,52149.0078125,1848.458251953125,164.67010498046875,0.8909199833869934,8.222577095031738,0.5355370044708252,31.986658096313477,0.049375999718904495,7.303834915161133,,37.052146911621094,32.256797790527344,236.97352600097656,1.3692610263824463
2021-02-18,51679.796875,1937.44921875,195.93263244628906,0.9141190052032471,8.980451583862305,0.5324329733848572,31.180639266967773,0.0595409981906414,6.707302093505859,,41.01509094238281,32.44149398803711,226.8695526123047,1.400668978691101
2021-02-19,55888.1328125,1960.164794921875,332.61602783203125,0.9276490211486816,11.465653419494629,0.567018985748291,34.79221725463867,0.055139001458883286,6.31606388092041,,38.75145721435547,34.7152099609375,236.67601013183594,1.374461054801941
2021-02-20,56099.51953125,1919.5340576171875,255.9537353515625,1.1229579448699951,10.002663612365723,0.5175120234489441,39.2421760559082,0.05438400059938431,5.9643449783325195,,36.23386764526367,34.10981750488281,227.61988830566406,1.3139970302581787
2021-02-21,57539.9453125,1935.60107421875,293.923583984375,1.1005200147628784,11.0855131149292,0.5485600233078003,39.69622802734375,0.055980000644922256,6.124401092529297,,36.147972106933594,34.152740478515625,227.23135375976562,1.3081640005111694
2021-02-22,54207.3203125,1781.992919921875,267.5097961425781,1.0991510152816772,14.454785346984863,0.571740984916687,37.68947982788086,0.053725000470876694,7.065779209136963,,32.279056549072266,31.530805587768555,208.10679626464844,1.1444499492645264
2021-02-23,48824.42578125,1570.2039794921875,230.99424743652344,0.954708993434906,15.2015380859375,0.47356298565864563,34.30077362060547,0.04739199951291084,6.712749004364014,,27.562902450561523,25.800342559814453,176.93492126464844,0.9997979998588562
2021-02-24,49705.33203125,1626.57568359375,254.359130859375,1.05165696144104,17.30270767211914,0.4718320071697235,33.633544921875,0.05655499920248985,6.6897292137146,,29.93597984313965,28.086719512939453,181.3784942626953,1.0617610216140747
2021-02-25,47093.8515625,1475.7037353515625,233.88595581054688,1.0791159868240356,13.816014289855957,0.4345239996910095,31.080659866333008,0.05016700178384781,5.963476181030273,,26.739532470703125,24.668046951293945,178.90184020996094,0.9760090112686157
2021-02-26,46339.76171875,1446.03369140625,221.68043518066406,1.2411049604415894,13.58794116973877,0.4278999865055084,31.34609031677246,0.05048000067472458,5.895827770233154,,25.939809799194336,25.187313079833984,170.3981475830078,0.9712859988212585
2021-02-27,46188.453125,1459.97314453125,225.2494354248047,1.3248599767684937,13.201168060302734,0.4378089904785156,33.44936752319336,0.05008300021290779,5.919003009796143,,25.814472198486328,26.235097885131836,172.10044860839844,1.098628044128418
2021-02-28,45137.76953125,1416.0489501953125,209.57440185546875,1.3080589771270752,13.08924674987793,0.41495299339294434,33.60725784301758,0.04805200174450874,5.349640846252441,,23.823219299316406,24.663532257080078,164.9271697998047,1.0172239542007446
2021-03-01,49631.2421875,1564.7076416015625,254.6299285888672,1.2923879623413086,14.955588340759277,0.44724398851394653,35.58492660522461,0.050599001348018646,6.7510528564453125,,27.403772354125977,27.6070613861084,175.23789978027344,1.0884579420089722
2021-03-02,48378.98828125,1492.6087646484375,239.5225372314453,1.2255820035934448,13.958921432495117,0.43683698773384094,36.15311813354492,0.050262000411748886,6.457234859466553,,27.135156631469727,28.51118278503418,177.8724365234375,1.0806909799575806
2021-03-03,50538.2421875,1575.8531494140625,241.09136962890625,1.2165930271148682,14.115591049194336,0.45027899742126465,37.04331970214844,0.050592001527547836,7.2247700691223145,,27.272077560424805,29.990028381347656,188.52566528320312,1.182144045829773
2021-03-04,48561.16796875,1541.914306640625,229.945068359375,1.1148680448532104,13.097983360290527,0.4866049885749817,35.3303108215332,0.05004800111055374,7.4984450340271,,25.80517578125,27.718738555908203,181.07864379882812,1.093430995941162
2021-03-05,48927.3046875,1533.2750244140625,226.37255859375,1.1685229539871216,12.610443115234375,0.4581190049648285,33.72447204589844,0.049609001725912094,8.488712310791016,,24.378053665161133,27.87541389465332,180.76560974121094,1.058035969734192
2021-03-06,48912.3828125,1654.7415771484375,226.66685485839844,1.131011962890625,13.036458015441895,0.4651060104370117,33.433692932128906,0.05098399892449379,8.23739242553711,,24.923477172851562,28.165103912353516,182.98190307617188,1.0540339946746826
2021-03-07,51206.69140625,1723.15380859375,240.17921447753906,1.1333669424057007,13.877732276916504,0.46686699986457825,35.18865966796875,0.052122000604867935,8.271160125732422,,26.65015411376953,28.5482120513916,190.7591094970703,1.1036490201950073
2021-03-08,52246.5234375,1834.7279052734375,240.31866455078125,1.1180529594421387,13.602188110351562,0.47359699010849,34.913753509521484,0.061948999762535095,9.639249801635742,,25.545988082885742,31.69816017150879,191.9276885986328,1.1529079675674438
2021-03-09,54824.1171875,1868.048828125,293.4632263183594,1.195160984992981,14.84631061553955,0.48598799109458923,38.194190979003906,0.05799800157546997,11.71257209777832,,34.24869918823242,31.499252319335938,203.6378631591797,1.1806180477142334
2021-03-10,56008.55078125,1799.166259765625,279.3580322265625,1.1350029706954956,14.231083869934082,0.4631659984588623,37.56694412231445,0.05600399896502495,11.147438049316406,,29.714048385620117,29.94671630859375,200.51686096191406,1.1099950075149536
2021-03-11,57805.12109375,1826.1949462890625,289.7908020019531,1.1247899532318115,15.992279052734375,0.4529600143432617,36.88249588012695,0.055918000638484955,10.815983772277832,,30.72899055480957,30.07517433166504,201.25033569335938,1.0828969478607178
2021-03-12,57332.08984375,1772.1024169921875,263.6858215332031,1.0391440391540527,14.552142143249512,0.44113099575042725,35.98695373535156,0.05534899979829788,14.162925720214844,,27.989315032958984,28.461523056030273,220.82940673828125,1.0521049499511719
2021-03-13,61243.0859375,1924.6854248046875,276.1047058105469,1.1033140420913696,15.308802604675293,0.45992401242256165,37.15781021118164,0.062431998550891876,14.586310386657715,,30.90908432006836,29.779226303100586,226.5782928466797,1.1396410465240479
2021-03-14,59302.31640625,1854.5643310546875,264.6367492675781,1.0591540336608887,14.50826644897461,0.442111998796463,36.57925033569336,0.05859199911355972,15.874853134155273,,29.05876922607422,28.789424896240234,215.2960968017578,1.1303900480270386
2021-03-15,55907.19921875,1791.7022705078125,254.66082763671875,1.033539056777954,14.186661720275879,0.4375549852848053,34.35751724243164,0.05708799883723259,16.339868545532227,,29.017908096313477,27.491762161254883,201.26461791992188,1.196815013885498
2021-03-16,56804.90234375,1806.9718017578125,258.1006774902344,1.2429529428482056,13.622773170471191,0.4625999927520752,35.43083190917969,0.05860700085759163,19.88077735900879,,33.080162048339844,27.91741943359375,201.04063415527344,1.2005640268325806
2021-03-17,58870.89453125,1823.4493408203125,269.8548583984375,1.3786729574203491,14.220203399658203,0.4724169969558716,36.14136505126953,0.057652998715639114,18.587238311767578,,32.64582824707031,31.0097599029541,206.06793212890625,1.2950409650802612
2021-03-18,57858.921875,1782.8551025390625,261.7048034667969,1.2390060424804688,14.230025291442871,0.4729189872741699,35.5172233581543,0.05738300085067749,19.005020141601562,,33.301387786865234,29.504812240600586,200.5373077392578,1.262334942817688
2021-03-19,58346.65234375,1817.6241455078125,264.05743408203125,1.3021700382232666,14.204795837402344,0.47117099165916443,38.27268981933594,0.05832799896597862,20.011985778808594,,37.764976501464844,29.909875869750977,201.063720703125,1.253208041191101
2021-03-20,58313.64453125,1812.6346435546875,264.7416687011719,1.2065409421920776,14.211980819702148,0.5269910097122192,37.35047912597656,0.05896100029349327,20.89200210571289,,34.34647750854492,29.676925659179688,200.80642700195312,1.2068300247192383
2021-03-21,57523.421875,1788.217041015625,264.88616943359375,1.18913996219635,14.332205772399902,0.5198349952697754,36.793609619140625,0.05723400041460991,21.982669830322266,,32.81172180175781,29.272838592529297,196.42774963378906,1.1817710399627686
2021-03-22,54529.14453125,1691.333984375,255.9001922607422,1.1098740100860596,14.919293403625488,0.5499420166015625,35.53754425048828,0.054962001740932465,19.434917449951172,,29.360292434692383,27.398113250732422,187.0778350830078,1.1085400581359863
2021-03-23,54738.9453125,1678.650146484375,255.68966674804688,1.1215519905090332,14.20483112335205,0.5565950274467468,34.46046447753906,0.05355599895119667,17.052082061767578,,28.591270446777344,26.915058135986328,187.3939666748047,1.113124966621399
2021-03-24,52774.265625,1593.4134521484375,249.85137939453125,1.0750019550323486,13.661297798156738,0.48883700370788574,30.43643569946289,0.051702000200748444,16.686748504638672,,26.05170249938965,25.053884506225586,177.6549530029297,1.0334609746932983
2021-03-25,51704.16015625,1595.3592529296875,234.88543701171875,1.1015739440917969,13.02508544921875,0.5174980163574219,29.982208251953125,0.051447998732328415,16.45265007019043,,25.997766494750977,25.696287155151367,173.06118774414062,1.045246958732605
2021-03-26,55137.3125,1702.842041015625,255.1045684814453,1.2139689922332764,14.779420852661133,0.5670549869537354,33.20038604736328,0.05395200103521347,18.528396606445312,,28.2379093170166,27.401567459106445,184.27867126464844,1.1178079843521118
2021-03-27,55973.51171875,1716.49462890625,269.1023254394531,1.1765769720077515,16.50832176208496,0.5504429936408997,32.661048889160156,0.0543770007789135,18.748029708862305,,27.63164520263672,26.87954330444336,184.8304443359375,1.1595929861068726
2021-03-28,55950.74609375,1691.35595703125,269.1912841796875,1.1911239624023438,18.016233444213867,0.5507559776306152,32.29789352416992,0.05369799956679344,18.587406158447266,,28.69735336303711,26.69699478149414,185.0284881591797,1.2367429733276367
2021-03-29,58917.69140625,1846.03369140625,311.4264831542969,1.2133170366287231,19.233924865722656,0.5668590068817139,34.06686019897461,0.05389999970793724,18.669038772583008,,29.625276565551758,27.904048919677734,196.68209838867188,1.3260949850082397
2021-03-30,58918.83203125,1918.362060546875,302.0634460449219,1.1932640075683594,19.465229034423828,0.573868989944458,37.02701187133789,0.05365699902176857,18.70057487487793,27.986522674560547,28.72896957397461,29.351137161254883,197.4990997314453,1.369683027267456
2021-03-31,59095.80859375,1977.27685546875,335.212890625,1.189244031906128,19.084901809692383,0.5792919993400574,37.67287826538086,0.06198599934577942,18.516494750976562,28.739431381225586,28.418750762939453,30.233219146728516,204.11251831054688,1.3261090517044067
2021-04-01,59384.3125,2143.2255859375,339.0077209472656,1.1965090036392212,19.810222625732422,0.6165689826011658,41.164283752441406,0.05766399949789047,18.566604614257812,30.17564582824707,29.117610931396484,32.53324890136719,213.2283935546875,1.3612699508666992
2021-04-02,57603.890625,2028.4224853515625,323.1335144042969,1.1732770204544067,22.552276611328125,0.5909150242805481,41.64603042602539,0.05580399930477142,18.14192771911621,29.549884796142578,28.251848220825195,29.534889221191406,197.14820861816406,1.2695469856262207
2021-04-03,58758.5546875,2093.122802734375,351.6243896484375,1.1914199590682983,24.061323165893555,0.6467289924621582,44.6522102355957,0.05740400031208992,18.347497940063477,31.065555572509766,29.3297119140625,30.9572811126709,204.04290771484375,1.3149319887161255
2021-04-04,59057.87890625,2107.88720703125,367.7724914550781,1.2143000364303589,22.984283447265625,0.9204729795455933,45.7972297668457,0.059696000069379807,17.560474395751953,30.794845581054688,31.246593475341797,32.39665603637695,221.0690460205078,1.4050110578536987
2021-04-05,58192.359375,2118.37890625,403.59075927734375,1.2553540468215942,24.95714569091797,1.0962660312652588,43.430198669433594,0.06445799767971039,16.733224868774414,31.3227481842041,31.554494857788086,34.79787826538086,237.66490173339844,1.4008500576019287
2021-04-06,56048.9375,1971.0772705078125,374.6588134765625,1.1751489639282227,26.47808074951172,0.917576014995575,39.59401321411133,0.05902799963951111,15.46347427368164,28.59392547607422,29.476511001586914,31.17518424987793,219.42367553710938,1.3038699626922607
2021-04-07,58323.953125,2088.57373046875,418.03839111328125,1.2194360494613647,27.033987045288086,1.0527559518814087,41.36595153808594,0.06146400049328804,15.745903968811035,30.222431182861328,30.764034271240234,32.74489974975586,227.00302124023438,1.3491289615631104
2021-04-08,58245.00390625,2072.10888671875,453.178466796875,1.2035399675369263,27.778274536132812,1.0208369493484497,40.849308013916016,0.06168400123715401,15.67758560180664,29.562219619750977,31.532609939575195,31.63246726989746,221.86236572265625,1.3942450284957886
2021-04-09,59793.234375,2135.942138671875,472.5603332519531,1.2187579870224,26.84140396118164,1.3744159936904907,41.62615203857422,0.06384500116109848,15.51254653930664,29.792390823364258,31.803802490234375,31.899261474609375,255.6201934814453,1.3934069871902466
2021-04-10,60204.96484375,2157.656982421875,525.3855590820312,1.2667349576950073,27.9318904876709,1.3605300188064575,41.423397064208984,0.07464899867773056,15.141955375671387,29.979101181030273,31.60232162475586,33.91918182373047,253.63446044921875,1.5204880237579346
2021-04-11,59893.453125,2139.353271484375,598.72265625,1.3161269426345825,28.512123107910156,1.4677350521087646,40.49749755859375,0.07076700031757355,14.639739036560059,36.75481414794922,33.883968353271484,33.10542678833008,244.49436950683594,1.4823789596557617
2021-04-12,63503.45703125,2299.187744140625,549.5865478515625,1.4117859601974487,27.4355525970459,1.7940009832382202,42.94791030883789,0.09344500303268433,15.618185043334961,35.322261810302734,33.67353057861328,35.456634521484375,266.9814758300781,1.5152360200881958
2021-04-13,63109.6953125,2435.10498046875,549.5918579101562,1.4554200172424316,26.47511100769043,1.8392360210418701,42.64084243774414,0.12151700258255005,15.302223205566406,36.151065826416016,38.462867736816406,41.423709869384766,279.7484130859375,1.4661200046539307
2021-04-14,63314.01171875,2519.1162109375,542.632080078125,1.4815880060195923,27.818313598632812,1.7660670280456543,43.515968322753906,0.18220700323581696,16.886905670166016,37.84836959838867,37.143062591552734,42.7531623840332,286.5906066894531,1.5743780136108398
2021-04-15,61572.7890625,2431.946533203125,510.2201843261719,1.4169490337371826,25.39736557006836,1.55752694606781,41.5379753112793,0.36586999893188477,15.79843807220459,36.279659271240234,35.631317138671875,42.10155487060547,310.61273193359375,1.5098190307617188
2021-04-16,60683.8203125,2344.89501953125,520.416748046875,1.3848689794540405,25.09987449645996,1.5600550174713135,42.53594970703125,0.28417301177978516,15.339083671569824,35.09549331665039,34.341453552246094,40.372066497802734,304.7599182128906,1.6978540420532227
2021-04-17,56216.18359375,2237.136962890625,481.03424072265625,1.275501012802124,32.30291748046875,1.4059979915618896,37.34743118286133,0.3204750120639801,13.398308753967285,31.746318817138672,29.253093719482422,39.06591033935547,273.09881591796875,1.4540380239486694
2021-04-18,55724.265625,2166.188720703125,505.0929260253906,1.1979589462280273,31.67589569091797,1.3150440454483032,34.81666946411133,0.40731799602508545,13.90625,31.446096420288086,26.283065795898438,35.8793830871582,261.9192199707031,1.2934010028839111
2021-04-19,56473.03125,2330.2109375,587.0291137695312,1.2659339904785156,31.77005386352539,1.3832989931106567,35.444435119628906,0.31949999928474426,13.432103157043457,31.96318817138672,27.34795379638672,38.95063400268555,260.94134521484375,1.291139006614685
2021-04-20,53906.08984375,2364.751708984375,546.0235595703125,1.2067350149154663,32.51304244995117,1.2964979410171509,33.871028900146484,0.3069249987602234,13.281159400939941,33.60398864746094,25.90350341796875,36.43635940551758,258.80560302734375,1.2128080129623413
2021-04-21,51762.2734375,2403.53515625,506.01300048828125,1.147017002105713,38.8797607421875,1.159682035446167,32.98847579956055,0.2609669864177704,13.649862289428711,34.13132095336914,24.034961700439453,35.23340606689453,253.07835388183594,1.163849949836731
2021-04-22,51093.65234375,2363.586181640625,526.5652465820312,1.155701994895935,36.97842025756836,1.169659972190857,32.22798538208008,0.2485090047121048,14.08147144317627,32.881690979003906,23.498424530029297,35.05847930908203,241.35877990722656,1.1640390157699585
2021-04-23,50050.8671875,2211.625732421875,496.4150695800781,1.101354956626892,40.7373161315918,1.0487060546875,28.932832717895508,0.27021199464797974,15.56937026977539,30.11583709716797,21.777528762817383,31.125198364257812,224.8357696533203,1.0881669521331787
2021-04-24,49004.25390625,2316.0595703125,505.0770568847656,1.0882500410079956,47.36762619018555,1.032256007194519,29.762489318847656,0.2511110007762909,17.663372039794922,33.88875198364258,21.543121337890625,31.540620803833008,223.6328582763672,1.094038963317871
2021-04-25,54021.75390625,2534.481689453125,534.5776977539062,1.2340190410614014,43.97651672363281,1.3685059547424316,33.4066276550293,0.2706739902496338,17.617042541503906,37.945411682128906,26.459278106689453,35.135986328125,247.4059295654297,1.2379560470581055
2021-04-26,55033.1171875,2662.865234375,568.4705200195312,1.306926965713501,43.2390022277832,1.4009549617767334,34.70315933227539,0.2721880078315735,17.721141815185547,39.61473083496094,27.820369720458984,36.808067321777344,259.65228271484375,1.3090460300445557
2021-04-27,54824.703125,2746.380126953125,562.632568359375,1.3356659412384033,44.825984954833984,1.3586009740829468,33.967552185058594,0.3236820101737976,16.81857681274414,42.8032112121582,28.327573776245117,36.2208366394043,258.5051574707031,1.288059949874878
2021-04-28,53555.109375,2756.876953125,599.70654296875,1.3080140352249146,42.460540771484375,1.399359941482544,35.96815490722656,0.3051689863204956,16.236839294433594,41.03312683105469,27.92986488342285,36.44501876831055,255.58526611328125,1.3197669982910156
2021-04-29,57750.17578125,2773.20703125,624.08056640625,1.3524490594863892,42.95600128173828,1.5916739702224731,36.54066467285156,0.3375610113143921,16.687427520751953,40.69766616821289,32.918373107910156,38.12850570678711,271.1670837402344,1.403602957725525
2021-04-30,57828.05078125,2945.892822265625,619.3472290039062,1.3530709743499756,49.50802230834961,1.6510250568389893,36.929683685302734,0.3929870128631592,16.541624069213867,40.19977569580078,31.89084243774414,41.11626052856445,276.8335266113281,1.3949459791183472
2021-05-01,56631.078125,2952.05615234375,622.1010131835938,1.3268120288848877,46.890987396240234,1.5626410245895386,36.6545295715332,0.37604600191116333,17.14510154724121,42.32731246948242,31.304956436157227,39.50485610961914,269.1043701171875,1.3871430158615112
2021-05-02,57200.29296875,3431.086181640625,675.68408203125,1.362030029296875,45.93368911743164,1.555994987487793,37.25520706176758,0.44170698523521423,17.284818649291992,42.317527770996094,35.93231964111328,42.05980682373047,294.7040100097656,1.4359550476074219
2021-05-03,53333.5390625,3253.62939453125,611.2003173828125,1.274111032485962,42.729557037353516,1.3923759460449219,34.85350799560547,0.5413339734077454,16.337411880493164,43.16450500488281,30.361431121826172,45.68613815307617,306.2344970703125,1.2785060405731201
2021-05-04,57424.0078125,3522.783203125,651.6627197265625,1.4755289554595947,44.92357635498047,1.6145119667053223,40.49504470825195,0.6576330065727234,17.01775360107422,42.496185302734375,35.263118743896484,49.42929458618164,356.0370788574219,1.4423110485076904
2021-05-05,56396.515625,3490.88037109375,633.2803955078125,1.650123953819275,43.4556770324707,1.6005810499191284,41.53346633911133,0.5808039903640747,16.768295288085938,40.22020721435547,37.98084259033203,47.127403259277344,353.5103454589844,1.5424649715423584
2021-05-06,57356.40234375,3484.72900390625,624.5632934570312,1.65345299243927,43.1550178527832,1.5817550420761108,39.92985153198242,0.684777021408081,16.582763671875,39.78305435180664,38.04991912841797,49.31119918823242,346.2535705566406,1.581908941268921
2021-05-07,58803.77734375,3902.647705078125,646.100830078125,1.619554042816162,45.56153106689453,1.5625979900360107,39.83269119262695,0.6364390254020691,16.984989166259766,40.40708923339844,38.32207489013672,48.60890579223633,346.3687438964844,1.5174089670181274
2021-05-08,58232.31640625,3928.8447265625,662.2285766601562,1.7705620527267456,44.330196380615234,1.5352929830551147,40.312843322753906,0.5700700283050537,16.993803024291992,39.43003463745117,39.021636962890625,52.19869613647461,386.4507751464844,1.5126049518585205
2021-05-09,55859.796875,3952.2939453125,631.3519897460938,1.6446959972381592,42.90963363647461,1.3890060186386108,36.541770935058594,0.4499639868736267,15.86888313293457,36.38795471191406,34.70148849487305,46.46869659423828,359.3293151855469,1.371485948562622
2021-05-10,56704.57421875,4168.701171875,672.3339233398438,1.7640769481658936,44.57746887207031,1.4776819944381714,38.64228439331055,0.4952310025691986,16.311174392700195,38.4899787902832,36.82477951049805,48.754764556884766,377.3887939453125,1.4764569997787476
2021-05-11,49150.53515625,3785.8486328125,588.1851806640625,1.5527750253677368,42.45730972290039,1.247864007949829,34.03139114379883,0.3853760063648224,14.475173950195312,36.03806686401367,32.0162467956543,41.03371047973633,303.0848693847656,1.2510759830474854
2021-05-12,49716.19140625,3715.1484375,571.4345092773438,1.9336680173873901,40.99785232543945,1.3589099645614624,40.031654357910156,0.49037399888038635,15.895573616027832,37.36915969848633,34.98023986816406,43.0898323059082,316.9093322753906,1.3527920246124268
2021-05-13,49880.53515625,4079.057373046875,603.1282958984375,2.004796028137207,42.717864990234375,1.4029170274734497,47.94593811035156,0.5596039891242981,16.405128479003906,40.32621383666992,36.951202392578125,46.54690170288086,326.2338562011719,1.468775987625122
2021-05-14,46760.1875,3638.1220703125,563.0416870117188,2.1740269660949707,43.461307525634766,1.4858800172805786,43.538631439208984,0.507972002029419,15.21720027923584,36.57718276977539,34.41056442260742,41.498313903808594,299.77252197265625,1.3838460445404053
2021-05-15,46456.05859375,3587.506103515625,562.829833984375,2.309113025665283,47.200828552246094,1.452605962753296,42.63151168823242,0.5148950219154358,16.182369232177734,36.56150436401367,36.5188102722168,40.73714828491211,296.6270446777344,1.400199055671692
2021-05-16,43537.51171875,3282.397705078125,511.9643859863281,2.032226085662842,46.86320495605469,1.4962999820709229,38.71015930175781,0.4878920018672943,14.957592010498047,33.28563690185547,33.662254333496094,37.19443893432617,281.7693176269531,1.2853660583496094
2021-05-17,42909.40234375,3380.070068359375,508.0223083496094,2.003662109375,55.91096115112305,1.5907340049743652,40.645355224609375,0.47611498832702637,15.704337120056152,35.07202911376953,36.82215881347656,42.54531478881836,294.61932373046875,1.3660160303115845
2021-05-18,37002.44140625,2460.67919921875,339.0254821777344,1.4825210571289062,35.107181549072266,1.0703129768371582,25.227142333984375,0.33312299847602844,9.64405345916748,23.42795753479004,23.383895874023438,26.70195960998535,189.52017211914062,0.9434970021247864
2021-05-19,40782.73828125,2784.294189453125,393.6127624511719,1.8104690313339233,44.74274826049805,1.1855369806289673,29.150569915771484,0.400193989276886,10.40572738647461,26.394573211669922,25.196884155273438,30.78122901916504,212.27613830566406,1.1131600141525269
2021-05-20,37304.69140625,2430.621337890625,326.29632568359375,1.5522769689559937,38.81285095214844,1.0069760084152222,24.463970184326172,0.3593820035457611,8.265974998474121,21.901260375976562,21.801769256591797,25.577577590942383,180.19703674316406,0.9809759855270386
2021-05-21,37536.6328125,2295.70556640625,299.50408935546875,1.463621973991394,31.315582275390625,0.9063169956207275,22.014524459838867,0.34237098693847656,6.583102226257324,20.383455276489258,18.851139068603516,23.292158126831055,169.5945587158203,0.9745280146598816
2021-05-22,34770.58203125,2109.579833984375,262.9456787109375,1.325435996055603,24.68874740600586,0.7970150113105774,18.029441833496094,0.30807098746299744,4.107669830322266,16.836334228515625,15.756152153015137,20.008373260498047,143.5193634033203,0.8259029984474182
2021-05-23,38705.98046875,2643.591064453125,345.30963134765625,1.5494849681854248,31.283571243286133,0.9928349852561951,23.19908905029297,0.3661620020866394,6.590835094451904,24.627649307250977,19.410947799682617,26.362958908081055,183.99412536621094,0.9779030084609985
2021-05-24,38402.22265625,2706.62890625,344.1139831542969,1.5553690195083618,29.99707794189453,0.976186990737915,22.130130767822266,0.34630200266838074,6.638655185699463,25.195016860961914,19.450809478759766,27.629838943481445,183.49789428710938,0.9763579964637756
2021-05-25,39294.19921875,2888.69873046875,379.85430908203125,1.7827019691467285,35.539817810058594,1.0337250232696533,24.5496883392334,0.35369300842285156,7.334159851074219,29.368295669555664,20.905675888061523,33.9848747253418,199.22433471679688,1.024055004119873
2021-05-26,38436.96875,2736.488525390625,367.6557922363281,1.6459599733352661,33.584590911865234,0.9702349901199341,23.852981567382812,0.33294498920440674,6.653355121612549,28.37033462524414,19.000335693359375,31.514713287353516,193.12109375,0.9687860012054443
2021-05-27,35697.60546875,2419.90625,329.8799133300781,1.5119869709014893,29.039276123046875,0.9001479744911194,21.410093307495117,0.3112049996852875,5.898266792297363,25.924945831298828,16.73341178894043,27.951692581176758,177.32066345214844,0.898697018623352
2021-05-28,34616.06640625,2279.51416015625,305.0521545410156,1.4062319993972778,27.376420974731445,0.8317880034446716,19.863374710083008,0.3031100034713745,5.490818977355957,23.17946434020996,16.127492904663086,25.398639678955078,163.80810546875,0.8294129967689514
2021-05-29,35678.12890625,2390.305419921875,325.7840270996094,1.577278971672058,28.602659225463867,0.9066089987754822,20.473987579345703,0.3022240102291107,6.218207836151123,25.74251937866211,16.534385681152344,26.86960220336914,170.9782257080078,0.8501799702644348
2021-05-30,37332.85546875,2714.9453125,354.329345703125,1.742777943611145,32.816246032714844,1.0465840101242065,23.430927276611328,0.3258099853992462,6.563470840454102,28.36971092224121,18.161319732666016,32.088584899902344,188.03367614746094,0.937608003616333
2021-05-31,36684.92578125,2633.518310546875,362.7946472167969,1.7347530126571655,30.985260009765625,1.0110009908676147,22.81084632873535,0.3700770139694214,6.303988933563232,27.395233154296875,17.773170471191406,30.699012756347656,182.98069763183594,0.8946970105171204
2021-06-01,37575.1796875,2706.125,401.2623291015625,1.7528239488601685,33.95631790161133,1.024399995803833,25.957727432250977,0.4233739972114563,6.841399192810059,27.631479263305664,18.677080154418945,30.656301498413086,187.26397705078125,1.0182650089263916
2021-06-02,39208.765625,2855.12646484375,427.80792236328125,1.8404710292816162,39.47090530395508,1.045320987701416,27.013458251953125,0.39996299147605896,7.672639846801758,28.630809783935547,20.24371337890625,32.19055938720703,193.086181640625,1.1099220514297485
2021-06-03,36894.40625,2688.195068359375,391.39532470703125,1.710908055305481,37.415069580078125,0.970196008682251,25.008298873901367,0.37632301449775696,6.385731220245361,26.442995071411133,18.247404098510742,28.87575340270996,178.87200927734375,1.0287610292434692
2021-06-04,35551.95703125,2630.576904296875,390.4318542480469,1.6590089797973633,39.58539962768555,0.9232860207557678,23.816770553588867,0.37217700481414795,6.0553460121154785,25.60755157470703,17.250303268432617,27.12679672241211,173.02871704101562,0.9766010046005249
2021-06-05,35862.37890625,2715.0927734375,393.8202209472656,1.6782480478286743,42.30837631225586,0.945285975933075,24.20159912109375,0.3718070089817047,6.249195098876953,25.9124813079834,17.400110244750977,27.551576614379883,176.63943481445312,1.024901032447815
2021-06-06,33560.70703125,2590.26318359375,357.3102111816406,1.5641059875488281,38.262332916259766,0.8611549735069275,21.6269588470459,0.33105000853538513,5.584114074707031,24.195165634155273,15.522640228271484,24.527210235595703,161.73280334472656,0.9552559852600098
2021-06-07,33472.6328125,2517.438720703125,354.0013732910156,1.5880299806594849,41.51781463623047,0.8757879734039307,21.745269775390625,0.32768699526786804,5.619856834411621,23.53021812438965,14.868940353393555,24.174898147583008,161.16107177734375,0.9434419870376587
2021-06-08,37345.12109375,2608.26708984375,375.73468017578125,1.6248259544372559,42.031776428222656,0.9200339913368225,23.184938430786133,0.3433310091495514,6.0163421630859375,25.127302169799805,15.38689136505127,25.5693416595459,172.13865661621094,1.046550989151001
2021-06-09,36702.59765625,2471.5185546875,352.1831970214844,1.5318570137023926,41.09867477416992,0.8691819906234741,22.684816360473633,0.32635098695755005,6.136998176574707,23.597158432006836,14.176407814025879,23.100679397583008,168.20306396484375,1.0439200401306152
2021-06-10,37334.3984375,2353.768798828125,345.9336853027344,1.436378002166748,36.046085357666016,0.8484500050544739,20.985857009887695,0.3193590044975281,5.551538944244385,21.850969314575195,13.418978691101074,21.478967666625977,162.88052368164062,0.971231997013092
2021-06-11,35552.515625,2372.484375,343.74102783203125,1.4802199602127075,36.441688537597656,0.8326830267906189,20.777036666870117,0.31208398938179016,5.4975080490112305,21.3225154876709,13.55193042755127,21.686546325683594,162.01486206054688,0.9861140251159668
2021-06-12,39097.859375,2508.3916015625,366.6489562988281,1.5583590269088745,38.77043533325195,0.8831599950790405,22.07633399963379,0.3243820071220398,6.072099208831787,23.274320602416992,14.775566101074219,23.337600708007812,170.93087768554688,1.040552020072937
2021-06-13,40218.4765625,2537.89111328125,368.7927551269531,1.5751099586486816,38.71305465698242,0.8928970098495483,22.20535659790039,0.3320850133895874,6.03755521774292,23.407238006591797,14.965835571289062,23.860898971557617,172.9490966796875,1.0862120389938354
2021-06-14,40406.26953125,2610.936767578125,373.566162109375,1.597756028175354,41.153648376464844,0.8898000121116638,24.760835647583008,0.3283810019493103,6.58910608291626,24.18085289001465,15.18004322052002,26.084226608276367,178.659423828125,1.0711820125579834
2021-06-15,38347.0625,2367.66357421875,347.033447265625,1.4825730323791504,39.703617095947266,0.8319079875946045,22.97217559814453,0.307761013507843,6.174939155578613,21.832225799560547,14.067678451538086,23.015077590942383,166.4589385986328,1.0159720182418823
2021-06-16,38053.50390625,2372.001953125,352.738525390625,1.482193946838379,39.264591217041016,0.8414379954338074,22.51145362854004,0.3064959943294525,6.154644012451172,22.154890060424805,14.832069396972656,23.35679054260254,167.05569458007812,1.0650780200958252
2021-06-17,35787.24609375,2231.733154296875,336.8096923828125,1.415395975112915,36.64879608154297,0.797648012638092,21.398895263671875,0.2934719920158386,5.917374134063721,20.393360137939453,13.627870559692383,21.211151123046875,156.3556365966797,0.9850289821624756
2021-06-18,35615.87109375,2178.4990234375,335.71282958984375,1.390570044517517,35.35343551635742,0.7616729736328125,20.355941772460938,0.2873559892177582,5.763191223144531,19.91080665588379,13.45772933959961,20.423982620239258,153.2954559326172,0.9404079914093018
2021-06-19,35698.296875,2246.364501953125,340.06719970703125,1.4291880130767822,35.32201385498047,0.7763770222663879,20.67236328125,0.2809000015258789,5.891520023345947,20.8065128326416,13.970991134643555,21.735416412353516,155.09259033203125,0.9360150098800659
2021-06-20,31676.693359375,1888.447509765625,270.98443603515625,1.1774799823760986,26.657400131225586,0.6103879809379578,15.769904136657715,0.17869099974632263,4.842235088348389,15.850638389587402,11.210616111755371,17.424097061157227,124.78646087646484,0.7550010085105896
2021-06-21,32505.66015625,1874.9500732421875,261.8180847167969,1.1532540321350098,26.7718563079834,0.5450670123100281,14.652412414550781,0.19103099405765533,4.711923122406006,16.38027572631836,10.526581764221191,16.80649185180664,119.6026840209961,0.7432649731636047
2021-06-22,33723.02734375,1989.736328125,294.49029541015625,1.2528959512710571,30.048887252807617,0.6265349984169006,16.14249038696289,0.23217399418354034,5.252572059631348,17.87169647216797,11.193946838378906,18.387203216552734,128.67498779296875,0.8330090045928955
2021-06-23,34662.4375,1988.456298828125,308.39703369140625,1.3560869693756104,31.181034088134766,0.671999990940094,16.253658294677734,0.2627820074558258,5.454391956329346,18.05471420288086,11.482956886291504,19.037357330322266,134.48460388183594,0.8716210126876831
2021-06-24,31637.779296875,1813.21728515625,281.62091064453125,1.256477952003479,28.698862075805664,0.6133229732513428,14.467696189880371,0.23915299773216248,5.06310510635376,15.905190467834473,10.270669937133789,16.930967330932617,125.687744140625,0.7968019843101501
2021-06-25,32186.27734375,1829.2392578125,279.43804931640625,1.250440001487732,29.712854385375977,0.615435004234314,14.499611854553223,0.24478399753570557,5.2019171714782715,16.10042381286621,10.2755708694458,16.95522117614746,126.65725708007812,0.8096879720687866
2021-06-26,34649.64453125,1978.8946533203125,290.5670166015625,1.3352019786834717,31.929391860961914,0.6469230055809021,15.015593528747559,0.2644500136375427,5.400850772857666,17.095666885375977,10.919079780578613,18.344139099121094,132.34788513183594,0.834954023361206
2021-06-27,34434.3359375,2079.657470703125,289.53411865234375,1.3247519731521606,32.92778015136719,0.643746018409729,15.740378379821777,0.2568570077419281,5.529632091522217,17.683860778808594,11.286295890808105,18.773988723754883,137.370849609375,0.8404840230941772
2021-06-28,35867.77734375,2160.768310546875,300.2115478515625,1.3684370517730713,33.86680221557617,0.7017250061035156,16.25337028503418,0.26276901364326477,5.986422061920166,18.554330825805664,11.851420402526855,19.460010528564453,143.70291137695312,0.8849599957466125
2021-06-29,35040.8359375,2274.547607421875,303.2958679199219,1.383471965789795,35.55640411376953,0.7063739895820618,16.40219497680664,0.2542150020599365,6.522355079650879,19.278358459472656,11.955547332763672,19.497236251831055,144.13583374023438,0.8823680281639099
2021-06-30,33572.1171875,2113.60546875,288.2184143066406,1.3356109857559204,33.40403366088867,0.6611800193786621,15.278964042663574,0.2445490062236786,5.921539783477783,17.870399475097656,11.22981071472168,18.273292541503906,137.57752990722656,0.8385040163993835
2021-07-01,33897.046875,2150.040283203125,287.423095703125,1.3943970203399658,34.02048110961914,0.6567630171775818,15.340773582458496,0.2452639937400818,5.726226806640625,18.24172592163086,11.132654190063477,18.28356170654297,136.94369506835938,0.8462730050086975
2021-07-02,34668.546875,2226.1142578125,298.23712158203125,1.4068360328674316,34.478816986083984,0.6728879809379578,15.553715705871582,0.24641099572181702,5.809141159057617,19.524757385253906,11.503907203674316,18.538818359375,140.27969360351562,0.8766210079193115
2021-07-03,35287.78125,2321.72412109375,307.7320861816406,1.458184003829956,34.31060028076172,0.6949449777603149,16.014026641845703,0.2464829981327057,5.973340034484863,20.771873474121094,12.350099563598633,19.26283836364746,144.90585327148438,0.8798410296440125
2021-07-04,33746.00390625,2198.58251953125,302.37799072265625,1.4048980474472046,32.984588623046875,0.6542999744415283,15.23558235168457,0.23161399364471436,6.037942886352539,20.09518051147461,12.026809692382812,18.37158966064453,138.0732421875,0.8742669820785522
2021-07-05,34235.1953125,2324.679443359375,320.934814453125,1.4180530309677124,34.26913833618164,0.6654019951820374,16.143564224243164,0.2344219982624054,6.530279159545898,22.40018653869629,13.357434272766113,20.08046531677246,138.9856414794922,0.9139779806137085
2021-07-06,33855.328125,2315.161865234375,327.5224609375,1.4031180143356323,36.59136962890625,0.6515750288963318,16.857789993286133,0.22412599623203278,7.090137004852295,22.23114585876465,13.089753150939941,19.764127731323242,137.3712158203125,0.9050790071487427
2021-07-07,32877.37109375,2120.0263671875,310.4271240234375,1.3301459550857544,33.20372772216797,0.623058021068573,15.337747573852539,0.20759700238704681,6.703923225402832,20.400131225585938,12.119664192199707,18.42205047607422,132.30850219726562,0.8693439960479736
2021-07-08,33798.01171875,2146.6923828125,316.4845275878906,1.3494739532470703,33.2646484375,0.6368039846420288,15.669268608093262,0.21986399590969086,8.093796730041504,20.985469818115234,12.544168472290039,18.63038444519043,134.57159423828125,0.9052379727363586
2021-07-09,33520.51953125,2111.403564453125,316.14013671875,1.3360849618911743,31.788644790649414,0.6254630088806152,15.290839195251465,0.213919997215271,7.895116806030273,20.2437744140625,12.025736808776855,18.207788467407227,133.98728942871094,0.8919079899787903
2021-07-10,34240.1875,2139.664794921875,322.0316467285156,1.3481450080871582,32.17784118652344,0.6359350085258484,15.48243522644043,0.21585600078105927,8.422262191772461,20.681039810180664,12.413664817810059,18.363967895507812,134.24583435058594,0.8924329876899719
2021-07-11,33155.84765625,2036.7210693359375,316.32818603515625,1.3150990009307861,30.848087310791016,0.6301779747009277,14.873132705688477,0.2080480009317398,7.891665935516357,19.587623596191406,12.186532974243164,17.55035400390625,133.5381317138672,0.8701429963111877
2021-07-12,32702.025390625,1940.083984375,308.8111572265625,1.2650829553604126,29.12118911743164,0.6195229887962341,14.18964958190918,0.2000029981136322,7.103418827056885,18.438556671142578,11.914669036865234,16.866161346435547,131.32180786132812,0.8738759756088257
2021-07-13,32822.34765625,1994.331298828125,309.4063720703125,1.2622580528259277,31.2810001373291,0.6203240156173706,13.799570083618164,0.1973239928483963,6.918966770172119,17.868684768676758,11.792096138000488,16.945682525634766,131.06260681152344,0.8588359951972961
2021-07-14,31780.73046875,1911.1756591796875,315.2440185546875,1.2231919765472412,28.45210075378418,0.5969409942626953,13.08484935760498,0.18488800525665283,6.6125168800354,16.996023178100586,11.349885940551758,15.681652069091797,125.49156188964844,0.8312079906463623
2021-07-15,31421.5390625,1880.3829345703125,302.985595703125,1.1737149953842163,26.37000846862793,0.5907739996910095,12.053826332092285,0.17234499752521515,6.578952789306641,16.408367156982422,10.860897064208984,15.26286506652832,121.04105377197266,0.7849929928779602
2021-07-16,31533.068359375,1898.8251953125,300.4979248046875,1.172302007675171,26.721668243408203,0.582427978515625,12.292176246643066,0.1861249953508377,6.478758811950684,16.106517791748047,10.927745819091797,15.360055923461914,120.0270767211914,0.7846919894218445
2021-07-17,31796.810546875,1895.5521240234375,302.4804992675781,1.183698058128357,26.751909255981445,0.5879219770431519,12.682146072387695,0.18223300576210022,6.496267795562744,16.36115837097168,10.70465087890625,15.502411842346191,119.51201629638672,0.7999110221862793
2021-07-18,30817.83203125,1817.296630859375,280.01861572265625,1.121116042137146,24.44757652282715,0.5575559735298157,11.425251007080078,0.17355599999427795,5.9539618492126465,15.689140319824219,10.169768333435059,14.509061813354492,113.16480255126953,0.7492539882659912
2021-07-19,29807.34765625,1787.5107421875,264.7823791503906,1.0562909841537476,23.48955535888672,0.5293359756469727,10.98121166229248,0.17080099880695343,5.8709821701049805,14.599843978881836,9.650588035583496,13.775897026062012,107.39948272705078,0.697206974029541
2021-07-20,32110.693359375,1990.9708251953125,292.5313720703125,1.168097972869873,26.623079299926758,0.569998025894165,12.305878639221191,0.19034899771213531,6.608770847320557,16.679479598999023,10.420524597167969,15.268477439880371,117.45989227294922,0.7656009793281555
2021-07-21,32313.10546875,2025.2027587890625,293.6411437988281,1.1861610412597656,27.70208168029785,0.5922060012817383,13.161491394042969,0.19130299985408783,7.346724033355713,17.59596824645996,10.828587532043457,16.085718154907227,120.73579406738281,0.7973380088806152
2021-07-22,33581.55078125,2124.776611328125,299.2829895019531,1.206307053565979,28.513879776000977,0.6092240214347839,13.397968292236328,0.19476400315761566,7.925920009613037,18.623628616333008,11.099355697631836,16.51156234741211,124.2494125366211,0.8079860210418701
2021-07-23,34292.4453125,2189.21875,302.0718688964844,1.2334970235824585,28.702619552612305,0.6098269820213318,13.805340766906738,0.19731900095939636,8.486323356628418,18.278602600097656,11.17281723022461,16.70583152770996,126.18867492675781,0.8287979960441589
2021-07-24,35350.1875,2191.373779296875,302.4361572265625,1.2285009622573853,28.168773651123047,0.6063569784164429,13.712599754333496,0.19786399602890015,8.253888130187988,18.27025604248047,11.2407865524292,16.759658813476562,127.59797668457031,0.890030026435852
2021-07-25,37337.53515625,2233.36669921875,304.4782409667969,1.2584929466247559,28.306642532348633,0.6256179809570312,13.951711654663086,0.20441900193691254,8.519877433776855,18.568395614624023,11.492170333862305,18.08965301513672,131.36248779296875,0.8507680296897888
2021-07-26,39406.94140625,2298.33349609375,313.60260009765625,1.2784459590911865,28.065326690673828,0.6446040272712708,14.37607192993164,0.20589900016784668,9.507802963256836,18.882579803466797,11.91977310180664,19.4996337890625,134.6178741455078,0.8542119860649109
2021-07-27,39995.90625,2296.54541015625,313.42864990234375,1.2835040092468262,27.815410614013672,0.7254449725151062,14.538834571838379,0.2053920030593872,10.966312408447266,19.015607833862305,12.256926536560059,19.0302734375,139.83660888671875,0.8424050211906433
2021-07-28,40008.421875,2380.956787109375,316.74945068359375,1.2840839624404907,31.281137466430664,0.7480170130729675,15.236948013305664,0.20461900532245636,11.044137001037598,19.542638778686523,12.41838264465332,19.345849990844727,141.3212890625,0.8455179929733276
2021-07-29,42235.546875,2466.96142578125,322.90936279296875,1.3089519739151,32.393943786621094,0.7521190047264099,15.838522911071777,0.20882099866867065,10.845376968383789,20.97228240966797,13.002365112304688,22.315961837768555,145.7750244140625,0.8529030084609985
2021-07-30,41626.1953125,2536.2099609375,333.5495910644531,1.3223450183868408,36.82731246948242,0.7477859854698181,16.847204208374023,0.20831400156021118,10.757214546203613,21.811683654785156,13.591609001159668,22.75370216369629,144.93321228027344,0.8412489891052246
2021-07-31,39974.89453125,2561.85205078125,333.4840087890625,1.3177299499511719,34.25436019897461,0.7259219884872437,18.413965225219727,0.2044370025396347,11.928194046020508,22.032346725463867,12.877431869506836,22.12683868408203,140.73553466796875,0.8141409754753113
2021-08-01,39201.9453125,2610.1533203125,331.1031188964844,1.3100680112838745,33.22241973876953,0.7392200231552124,18.017284393310547,0.20360000431537628,12.329427719116211,22.40984535217285,13.006891250610352,23.480348587036133,141.50550842285156,0.8177760243415833
2021-08-02,38152.98046875,2502.349609375,322.74774169921875,1.3650259971618652,33.99644088745117,0.7127289772033691,17.33682632446289,0.19596700370311737,14.719024658203125,21.27823257446289,12.533293724060059,23.875957489013672,138.2908477783203,0.8167719841003418
2021-08-03,39747.50390625,2724.619873046875,334.9187927246094,1.3765640258789062,35.76362609863281,0.7304880023002625,19.16309356689453,0.20148999989032745,14.51312255859375,23.526203155517578,13.679924964904785,24.188875198364258,142.623046875,0.8277810215950012
2021-08-04,40869.5546875,2827.328857421875,337.8738708496094,1.386144995689392,37.35513687133789,0.7331510186195374,19.13237190246582,0.2009740024805069,14.554635047912598,25.440156936645508,13.834280967712402,24.050495147705078,143.43597412109375,0.8512730002403259
2021-08-05,42816.5,2890.941650390625,342.1369934082031,1.401785969734192,39.446102142333984,0.7465130090713501,20.400678634643555,0.20468799769878387,14.498414039611816,26.160932540893555,14.725431442260742,23.85933494567871,147.8009490966797,0.8540189862251282
2021-08-06,44555.80078125,3157.23876953125,355.7413635253906,1.4706770181655884,39.403472900390625,0.8162810206413269,20.96709442138672,0.26034098863601685,14.588269233703613,28.185483932495117,15.761190414428711,24.63165283203125,155.86477661132812,0.8754990100860596
2021-08-07,43798.1171875,3013.732666015625,342.06475830078125,1.4278299808502197,37.673824310302734,0.7787389755249023,19.676132202148438,0.2400449961423874,13.414520263671875,26.722593307495117,14.814119338989258,23.045608520507812,149.8477325439453,0.8254209756851196
2021-08-08,46365.40234375,3167.856201171875,354.9668273925781,1.4776400327682495,38.767784118652344,0.8185529708862305,20.6209716796875,0.2568970024585724,13.969467163085938,28.402530670166016,16.2318058013916,24.287246704101562,166.516357421875,0.8554109930992126
2021-08-09,45585.03125,3141.691162109375,371.9543762207031,1.6725660562515259,40.63979721069336,0.8512470126152039,20.608009338378906,0.2573249936103821,16.74758529663086,28.7582950592041,16.44843864440918,24.566286087036133,165.46041870117188,0.8826509714126587
2021-08-10,45593.63671875,3164.2451171875,391.7570495605469,1.7980380058288574,41.74411392211914,1.0125240087509155,21.402421951293945,0.26526299118995667,17.0195369720459,29.000503540039062,16.74867820739746,25.9465389251709,170.93594360351562,0.9122030138969421
2021-08-11,44428.2890625,3043.414306640625,385.8189697265625,1.8238780498504639,41.099361419677734,0.9645490050315857,20.754806518554688,0.26392099261283875,16.568950653076172,28.047378540039062,16.569053649902344,24.917234420776367,165.1310272216797,0.8828870058059692
2021-08-12,47793.3203125,3322.211669921875,410.94488525390625,2.1360790729522705,44.894500732421875,1.089959979057312,22.714149475097656,0.2868080139160156,17.801057815551758,30.574594497680664,18.04875373840332,27.733137130737305,183.2860870361328,0.9546359777450562
2021-08-13,47096.9453125,3265.443359375,409.03448486328125,2.1916871070861816,44.112850189208984,1.280411958694458,22.861026763916016,0.29311299324035645,17.402936935424805,30.137561798095703,18.067649841308594,27.15542221069336,182.71127319335938,0.9322149753570557
2021-08-14,47047.00390625,3310.504150390625,414.59503173828125,2.1691529750823975,53.74515914916992,1.288159966468811,23.17401695251465,0.34144100546836853,19.28481674194336,30.252153396606445,18.795135498046875,27.90401268005371,184.904296875,0.9964510202407837
2021-08-15,46004.484375,3156.509521484375,417.4708557128906,2.0794169902801514,62.432464599609375,1.1909929513931274,24.535856246948242,0.3207150101661682,22.000459671020508,29.203548431396484,19.18263053894043,28.084339141845703,178.8544921875,0.949383020401001
2021-08-16,44695.359375,3014.845947265625,401.9089050292969,1.9266010522842407,64.21070861816406,1.0981990098953247,23.533639907836914,0.29944199323654175,25.23495864868164,26.419477462768555,23.529998779296875,26.15813636779785,168.84263610839844,0.8847249746322632
2021-08-17,44801.1875,3020.08984375,398.25146484375,2.108560085296631,72.5433120727539,1.14609694480896,23.948135375976562,0.3037390112876892,30.841764450073242,26.58272933959961,29.89081382751465,25.512895584106445,167.3966064453125,0.9248210191726685
2021-08-18,46717.578125,3182.7021484375,430.9888610839844,2.4281399250030518,72.75760650634766,1.232841968536377,26.548627853393555,0.3171440064907074,29.3968563079834,27.957237243652344,30.634273529052734,27.064760208129883,175.493408203125,1.0444979667663574
2021-08-19,49339.17578125,3286.935302734375,454.9363098144531,2.4577019214630127,78.72461700439453,1.2632219791412354,28.146953582763672,0.32749098539352417,30.652450561523438,28.867103576660156,39.185302734375,28.701841354370117,183.62852478027344,1.1381640434265137
2021-08-20,48905.4921875,3226.083984375,448.9202575683594,2.4354350566864014,73.75621032714844,1.2164729833602905,27.873336791992188,0.3167969882488251,27.551191329956055,28.248825073242188,43.78691101074219,27.861591339111328,179.73614501953125,1.1470979452133179
2021-08-21,49321.65234375,3242.115478515625,449.0534973144531,2.7137250900268555,72.80391693115234,1.2277220487594604,27.736873626708984,0.3149630129337311,28.033279418945312,28.42609977722168,43.53219985961914,28.022817611694336,186.31309509277344,1.1581649780273438
2021-08-22,49546.1484375,3319.25732421875,499.8905944824219,2.917386054992676,75.70803833007812,1.2472699880599976,27.89130973815918,0.3179140090942383,29.916851043701172,28.785572052001953,46.450531005859375,28.554101943969727,187.10643005371094,1.1593250036239624
2021-08-23,47706.1171875,3172.456298828125,471.595458984375,2.7210910320281982,70.67090606689453,1.1373519897460938,25.081445693969727,0.28873899579048157,29.671165466308594,26.64594841003418,55.34585189819336,25.752197265625,173.57681274414062,1.037632942199707
2021-08-24,48960.7890625,3224.915283203125,502.7862548828125,2.7381319999694824,71.95156860351562,1.1725289821624756,25.935373306274414,0.29222598671913147,29.989593505859375,27.023340225219727,46.1151237487793,26.520479202270508,177.6032257080078,1.0630799531936646
2021-08-25,46942.21875,3100.325439453125,479.006103515625,2.5355279445648193,75.31620788574219,1.0752660036087036,23.981494903564453,0.2689090073108673,27.009300231933594,25.562664031982422,41.420753479003906,24.426326751708984,168.08558654785156,0.9899569749832153
2021-08-26,49058.66796875,3270.600830078125,494.4986877441406,2.944196939468384,88.08698272705078,1.1884729862213135,26.569753646850586,0.29443299770355225,32.66126251220703,27.36817741394043,50.077789306640625,26.018299102783203,175.98440551757812,1.065106987953186
2021-08-27,48902.40234375,3244.4033203125,486.1969299316406,2.847490072250366,96.70317077636719,1.1455049514770508,25.96674156188965,0.285629004240036,34.959205627441406,26.8166446685791,50.19713592529297,25.729089736938477,175.45408630371094,1.036795973777771
2021-08-28,48829.83203125,3227.002685546875,480.28302001953125,2.8559861183166504,94.46967315673828,1.1408319473266602,25.73291778564453,0.281125009059906,33.331241607666016,26.81300926208496,47.50910568237305,25.813661575317383,174.7042236328125,1.0215229988098145
2021-08-29,47054.984375,3224.374267578125,459.4907531738281,2.7331600189208984,110.54480743408203,1.1014349460601807,26.044719696044922,0.2721250057220459,33.468238830566406,26.777944564819336,41.325077056884766,24.980934143066406,167.42466735839844,1.0189900398254395
2021-08-30,47166.6875,3433.732666015625,464.4187316894531,2.772475004196167,108.48377227783203,1.1875929832458496,31.470020294189453,0.27845299243927,31.56235694885254,29.42051887512207,39.48735046386719,26.750707626342773,171.6592254638672,1.116987943649292
2021-08-31,48847.02734375,3834.828125,490.0687255859375,2.870767116546631,111.03300476074219,1.234889030456543,33.13948059082031,0.29440099000930786,31.662614822387695,31.29646873474121,41.931602478027344,29.73518180847168,180.97216796875,1.1588549613952637
2021-09-01,49327.72265625,3790.989990234375,483.9210510253906,2.963438034057617,128.10238647460938,1.256324052810669,31.814712524414062,0.29595500230789185,32.86503982543945,29.983781814575195,47.755916595458984,29.985244750976562,183.61724853515625,1.1458849906921387
2021-09-02,50025.375,3940.61474609375,488.6047058105469,2.9682390689849854,146.5830535888672,1.2914350032806396,33.67427444458008,0.29627299308776855,31.741863250732422,28.66644859313965,45.91118240356445,30.784265518188477,212.96597290039062,1.22074294090271
2021-09-03,49944.625,3887.828369140625,498.07843017578125,2.8328070640563965,139.11306762695312,1.2557790279388428,32.41751480102539,0.29938799142837524,31.406158447265625,28.615150451660156,47.143165588378906,29.897823333740234,212.35845947265625,1.2075560092926025
2021-09-04,51753.41015625,3952.133544921875,504.619873046875,2.9108240604400635,142.0708770751953,1.3054980039596558,34.408790588378906,0.3145270049571991,34.486785888671875,29.364463806152344,48.178924560546875,33.5034294128418,231.333984375,1.3166719675064087
2021-09-05,52633.53515625,3928.37939453125,495.9250183105469,2.831897020339966,164.38092041015625,1.3894129991531372,34.31120300292969,0.3087649941444397,32.35395050048828,28.856008529663086,47.04298782348633,34.78485870361328,219.52577209472656,1.4679399728775024
2021-09-06,46811.12890625,3426.394287109375,417.5087890625,2.502490997314453,173.14892578125,1.1250989437103271,27.82574462890625,0.2537440061569214,27.789936065673828,24.24998664855957,37.59894943237305,28.11425018310547,178.11439514160156,1.266266942024231
2021-09-07,46091.390625,3497.315185546875,415.1131591796875,2.4749889373779297,191.04139709472656,1.1007200479507446,27.70879364013672,0.2571130096912384,29.426498413085938,23.177143096923828,37.05140686035156,27.15100860595703,179.72467041015625,1.9237489700317383
2021-09-08,46391.421875,3427.340087890625,421.27001953125,2.5176661014556885,188.19580078125,1.0894010066986084,29.835569381713867,0.252595990896225,30.511926651000977,23.309484481811523,40.772613525390625,27.978628158569336,180.37680053710938,2.3122479915618896
2021-09-09,44883.91015625,3211.505859375,401.6217956542969,2.385910987854004,179.865234375,1.0572669506072998,29.215356826782227,0.2399819940328598,43.5446662902832,22.31696891784668,49.18913650512695,26.387523651123047,174.29603576660156,2.0045928955078125
2021-09-10,45201.45703125,3270.278076171875,405.5273742675781,2.6339499950408936,178.8678741455078,1.0799059867858887,31.594602584838867,0.24143199622631073,39.09306716918945,22.749895095825195,57.16424560546875,27.041149139404297,178.68856811523438,1.983834981918335
2021-09-11,46063.26953125,3410.134521484375,416.6832275390625,2.5817270278930664,174.53762817382812,1.119636058807373,35.77433776855469,0.25061699748039246,39.22871780395508,23.688823699951172,59.259429931640625,29.379243850708008,183.23448181152344,2.3794798851013184
2021-09-12,44963.07421875,3285.51171875,399.0634460449219,2.400662899017334,169.26954650878906,1.0646779537200928,34.76799011230469,0.23590600490570068,37.19157409667969,22.6566162109375,53.11015319824219,26.918481826782227,179.48394775390625,2.1571691036224365
2021-09-13,47092.4921875,3429.169677734375,414.2362365722656,2.3956379890441895,158.09481811523438,1.0965739488601685,37.37580108642578,0.24070900678634644,35.66656494140625,25.65300941467285,51.57811737060547,30.746164321899414,183.13906860351562,2.037281036376953
2021-09-14,48176.34765625,3615.28271484375,431.42303466796875,2.5016350746154785,159.1173858642578,1.121353030204773,36.46339416503906,0.24769699573516846,36.689205169677734,27.464513778686523,57.62539291381836,30.779600143432617,189.23941040039062,2.0159220695495605
2021-09-15,47783.359375,3571.294921875,424.64923095703125,2.420969009399414,152.47406005859375,1.0914980173110962,35.547550201416016,0.24255500733852386,37.52246856689453,26.274017333984375,67.84269714355469,29.82655143737793,185.53807067871094,2.039315938949585
2021-09-16,47267.51953125,3398.538818359375,406.6328125,2.346419095993042,147.5930633544922,1.0655980110168457,33.021385192871094,0.23993000388145447,34.42565155029297,24.28819465637207,69.93401336669922,27.694597244262695,179.68408203125,1.9204649925231934
2021-09-17,48278.36328125,3432.018310546875,410.8092956542969,2.3699779510498047,169.18421936035156,1.0756679773330688,34.89886474609375,0.24138599634170532,34.78163146972656,24.54183578491211,69.01238250732422,28.39057731628418,181.30886840820312,2.0722110271453857
2021-09-18,47260.21875,3329.447998046875,408.4716491699219,2.282299041748047,152.51669311523438,1.0484280586242676,33.801334381103516,0.23314200341701508,32.962181091308594,23.92476463317871,70.07572174072266,27.395748138427734,175.7406005859375,1.9734530448913574
2021-09-19,42843.80078125,2958.993408203125,361.9659118652344,2.0639889240264893,132.13446044921875,0.9171519875526428,28.051830291748047,0.20707100629806519,27.217382431030273,20.762800216674805,56.67792892456055,23.43109893798828,156.46401977539062,1.650480031967163
2021-09-20,40693.67578125,2764.43115234375,344.53460693359375,1.9870280027389526,123.95039367675781,0.8763290047645569,26.31650161743164,0.2010270059108734,25.152347564697266,19.036571502685547,59.017356872558594,21.432621002197266,148.38987731933594,1.5748549699783325
2021-09-21,43574.5078125,3077.867919921875,379.4403381347656,2.2661819458007812,147.92425537109375,1.0040760040283203,31.611772537231445,0.22485800087451935,33.273799896240234,21.637622833251953,74.1870346069336,24.493072509765625,161.41200256347656,1.8421239852905273
2021-09-22,44895.09765625,3155.523681640625,383.8204040527344,2.3309409618377686,149.75357055664062,1.0020400285720825,33.54473876953125,0.22483199834823608,36.20280075073242,21.530466079711914,76.41905975341797,25.453983306884766,163.81834411621094,2.0057408809661865
2021-09-23,42839.75,2931.669189453125,355.3162841796875,2.281269073486328,139.39564514160156,0.9459239840507507,30.842344284057617,0.20945100486278534,40.20151138305664,19.671728134155273,72.40190124511719,23.280738830566406,152.2317352294922,1.7886890172958374
2021-09-24,42716.59375,2925.565673828125,349.8800964355469,2.3015410900115967,136.17892456054688,0.9413419961929321,29.843185424804688,0.208639994263649,37.90815353393555,19.50146484375,68.38166046142578,24.52366065979004,151.18145751953125,1.7330069541931152
2021-09-25,43208.5390625,3062.265380859375,344.1817626953125,2.2084949016571045,135.69937133789062,0.944720983505249,28.828662872314453,0.20496200025081635,34.64458084106445,24.029178619384766,66.86196899414062,24.602155685424805,150.640869140625,1.7736339569091797
2021-09-26,42235.73046875,2934.138916015625,336.19122314453125,2.1359050273895264,136.72842407226562,0.9236850142478943,27.772104263305664,0.20026199519634247,36.90671920776367,22.445222854614258,66.50875854492188,23.06629753112793,145.34957885742188,1.6741830110549927
2021-09-27,41034.54296875,2807.296630859375,333.0325927734375,2.0391390323638916,131.53721618652344,0.893688976764679,26.33382797241211,0.1968040019273758,33.16389083862305,23.05898666381836,61.51771926879883,22.101900100708008,140.5971221923828,1.561946988105774
2021-09-28,41564.36328125,2853.143310546875,367.9895935058594,2.065687894821167,135.35145568847656,0.9283490180969238,27.274255752563477,0.19887599349021912,34.186187744140625,23.049686431884766,65.52000427246094,22.880529403686523,144.9186248779297,1.6050740480422974
2021-09-29,43790.89453125,3001.678955078125,387.0573425292969,2.1144518852233887,141.0690460205078,0.9526360034942627,28.58061981201172,0.204244002699852,38.6016731262207,23.527053833007812,66.76588439941406,23.98634910583496,153.1479949951172,1.628594994544983
2021-09-30,48116.94140625,3307.51611328125,421.6431884765625,2.258126974105835,161.682373046875,1.0426239967346191,31.96877670288086,0.22301000356674194,37.73747634887695,25.63608169555664,67.57039642333984,26.297439575195312,166.1322021484375,1.7742979526519775
2021-10-01,47711.48828125,3391.6943359375,428.09832763671875,2.2514588832855225,169.093017578125,1.0386749505996704,32.122108459472656,0.21913300454616547,41.47689437866211,26.178560256958008,69.22048950195312,26.94674301147461,169.25892639160156,1.7774670124053955
2021-10-02,48199.953125,3418.358642578125,430.5088195800781,2.252872943878174,172.5891571044922,1.0551700592041016,32.105255126953125,0.2217479944229126,42.742488861083984,26.00412940979004,68.717041015625,27.559040069580078,170.60997009277344,1.9876610040664673
2021-10-03,49112.90234375,3380.089111328125,425.7489013671875,2.189234972000122,166.73191833496094,1.043004035949707,31.042125701904297,0.2408519983291626,46.723358154296875,25.303266525268555,65.15984344482422,26.559356689453125,167.54014587402344,1.9330790042877197
2021-10-04,51514.8125,3518.5185546875,442.7061462402344,2.233124017715454,164.11582946777344,1.0855029821395874,31.427457809448242,0.25201600790023804,44.70867156982422,25.664791107177734,64.65011596679688,27.24262809753418,173.89108276367188,1.9533560276031494
2021-10-05,55361.44921875,3580.56201171875,435.4013671875,2.2121551036834717,154.1077423095703,1.0776560306549072,32.28961181640625,0.2551339864730835,41.948692321777344,25.287689208984375,60.11407470703125,26.83726692199707,178.70567321777344,1.8194659948349
2021-10-06,53805.984375,3587.974853515625,438.7617492675781,2.2769949436187744,154.28118896484375,1.0680259466171265,33.97454833984375,0.24292300641536713,46.54294967651367,25.535184860229492,61.48835372924805,26.834035873413086,178.771728515625,1.8882369995117188
2021-10-07,53967.84765625,3563.75927734375,419.10205078125,2.237175941467285,158.94920349121094,1.0628910064697266,33.372894287109375,0.24385100603103638,43.28617858886719,24.76791000366211,60.520225524902344,26.40096092224121,175.97238159179688,1.899196982383728
2021-10-08,54968.22265625,3575.716796875,421.5494689941406,2.2666149139404297,156.82583618164062,1.1599260568618774,36.3274040222168,0.24659599363803864,42.47336196899414,25.13216781616211,60.56625747680664,27.417076110839844,179.65866088867188,1.890509009361267
2021-10-09,54771.578125,3425.852783203125,405.0693054199219,2.197213888168335,148.0487060546875,1.1384530067443848,34.4664192199707,0.22980499267578125,39.37347412109375,24.25234031677246,56.59357452392578,25.648935317993164,175.31857299804688,1.7714530229568481
2021-10-10,57484.7890625,3545.35400390625,413.4562072753906,2.173388957977295,144.85813903808594,1.137887954711914,34.18463134765625,0.23150299489498138,39.210147857666016,24.15532684326172,55.30461120605469,25.25881576538086,179.42605590820312,1.7175250053405762
2021-10-11,56041.05859375,3492.5732421875,443.8675231933594,2.119189977645874,152.73712158203125,1.1018589735031128,35.159767150878906,0.22624200582504272,37.59783172607422,23.46637725830078,54.35797119140625,24.623647689819336,172.79776000976562,1.7449009418487549
2021-10-12,57401.09765625,3606.20166015625,470.74969482421875,2.1890530586242676,148.17604064941406,1.128391981124878,41.6169319152832,0.23257200419902802,36.61662292480469,24.674861907958984,55.152488708496094,25.61174964904785,177.62832641601562,1.838683009147644
2021-10-13,57321.5234375,3786.01416015625,472.02239990234375,2.170362949371338,149.75680541992188,1.132315993309021,40.75510025024414,0.23227299749851227,37.15126037597656,26.401269912719727,56.08110427856445,26.647485733032227,180.11839294433594,1.8041549921035767
2021-10-14,61593.94921875,3862.634765625,473.70263671875,2.214651107788086,162.59620666503906,1.1405500173568726,43.15711212158203,0.23378199338912964,36.949493408203125,25.849355697631836,56.2510871887207,26.94454574584961,188.8141326904297,1.752943992614746
2021-10-15,60892.1796875,3830.382080078125,465.6424560546875,2.177712917327881,157.538818359375,1.1350959539413452,41.757625579833984,0.23729200661182404,36.59237289428711,27.012237548828125,57.48309326171875,27.228479385375977,186.18930053710938,1.796759009361267
2021-10-16,61553.6171875,3847.1044921875,470.62554931640625,2.1569631099700928,159.74380493164062,1.0934679508209229,42.073951721191406,0.23789800703525543,36.1889762878418,25.9271297454834,56.07736587524414,26.54088592529297,183.73052978515625,1.7681440114974976
2021-10-17,62026.078125,3748.76025390625,485.11102294921875,2.128262996673584,157.2312774658203,1.0838420391082764,41.18367004394531,0.2472810000181198,35.82107925415039,25.65212059020996,55.474483489990234,25.70457649230957,185.55674743652344,1.7367429733276367
2021-10-18,64261.9921875,3877.65087890625,488.14886474609375,2.112962007522583,156.01702880859375,1.092079997062683,41.38401412963867,0.24578799307346344,37.733585357666016,26.070106506347656,56.81697463989258,25.936241149902344,188.9398193359375,1.7111539840698242
2021-10-19,65992.8359375,4155.9921875,501.02032470703125,2.1859500408172607,175.94686889648438,1.1423280239105225,44.348655700683594,0.2540929913520813,42.55474090576172,27.037132263183594,59.55984115600586,27.419164657592773,206.87078857421875,1.7885329723358154
2021-10-20,62210.171875,4054.32275390625,471.2569274902344,2.1365909576416016,190.3184356689453,1.0893150568008423,42.846519470214844,0.24239100515842438,40.9063720703125,26.111133575439453,61.309810638427734,28.268346786499023,196.8691864013672,1.782410979270935
2021-10-21,60692.265625,3970.181884765625,478.6431579589844,2.1541988849639893,196.43153381347656,1.0883740186691284,43.44936752319336,0.24422100186347961,43.61540222167969,25.637157440185547,65.45528411865234,28.661046981811523,190.82228088378906,1.8594059944152832
2021-10-22,,,,,,,,,,,,,,
2021-10-24,60543.48828125,4084.95751953125,478.6966552734375,2.139490842819214,193.43370056152344,1.0829709768295288,43.71166229248047,0.2464013397693634,41.909278869628906,26.505563735961914,65.72124481201172,30.183549880981445,194.72213745117188,1.8713563680648804
